stonesour,mfontana7787,justapoorfarmer,_angelinaa2014,kaylee_showers,Real_D_Williams,aj_parker12,JJRivera82,stephenbarros,missbswan,
DaiisyGee,deiben13,ciseaton15,CherylPalmer4,MinnesotaMafia,wall_annalise,chihshengkuo,tgsteamsports,Murphyyyyyy_,Keel_35,
dougiefresh_515,davidgsmithphd,reesepetersen10,Davis_Era7,cereal_whore,Pam_Rodgers,CaileeKoenigs1,LindaMandolini,nicoleh1019,mlindzy,
tmj_iad_jobs,JLLostBoy,jessrenaejames,_jaelyn_4,isaiahpetersen,allaboutstephP,Gabe_H_DSM,JeanneChouard,Cyko_,mermaidmaggiee,
I_AmDonald,grisales0922,TamiaSemone_,LewCandoit2,tmj_usa_adv,DougieDangerous,KingOfLyons,AlyssaPapan,_REALIFEGOON,sugarmag418,
diningwithDelia,dylan_huse,daynajones10,k_Guhl,kaylawandersee,sa3371,TyOak,PottsnPans2,CoraSPWC,CS_XCPanthers,
ConnorHankla,KoaltonT,cbuskohl,DJAlexKay,klehmansports,katie_maloneyy,CoachTru,mojahed991,ultamatepaul,loganbushkv,
CozLindsay,vanessamarie96,JjJtjameson,photography139,tmj_IA_transp,tmj_ia_health,IcemanAndSlider,aboywizz,JobsHubIO,PGJobs,
superdudette10,KariSHennigan,SeePack,tysondecker22,kovanderhart,chels_clair,ryanvogt27,mrslandlady,FadingAd,cmehaffy,
OlmsteadCade,AshWee1432,HaleyHarte,filthymcdave,BlakeHandlos,TreyKamberling,ariele_thiele,PayneReports,sixdav77,AKidYaKnow,
NoahJErickson,ShibityShaw,Beergut_Hayes,IAChief32,JackSeitz,russlouch,Odd_Rod,Sarahliz2612,DNahrendorf,jackiesaysstfu,
FrMichaelECC,bradyharm,ColinRubbert,danibro14,annaokx,DrivingMike,yomikemo,CarlyCarter1313,liaa_allisonn,lkiesey,
BrettTobin,kenzie0528,GratefulHoosier,kjray6769,stampy_lee,TayVogel,jasonbolinger,zoliloquy,tom_whinery,whiteshutter,
WisconsinBlaze,misisroyo,swaggginsince97,DevonMichaelGle,j_newton16,sarahlibrarian,whatt_the_hayl,tmj_usa_ins,__oana,dat_kass,
Jharklau27,BrookeBrommel,hancelj,mittenslabs,KeannaAlexis,honutmuffin,KC_Goddess29,BrendanSander,digitaldumpster,BrianBeardy,
mslarso,spookyxjungle,AlexFGoldberg,CPatrickGrace,pfady112,car0lineprice,thegustavomunoz,Utahman01,CallMeAllison,JaynePart,
DJSYMPLICITY,gianaaldarelli,_KylieWilliams,MsSlyJones,natg34946,12newshoe,rachjungclaus,SCHWEITZ24,sophieeehess,KHSFCS,
domiedavis3,shaunanosler,NLTGdavid,marcbutcavage,thomasilly,criver_10,SCasey52,CarolWhi18,Im_Just_Chloe,_AlexCastro_,
webcentrick,LauraYoder22,RandomColleges,theulmenater,laura_kalkowski,DWR_ALO,luckybadger7,SilverCreekLA,ninjabearrr,sarastipsypie,
timwalkerre,Coach_Matthess,ILTreasurer,dancedeets,jjondle,charcharmonroe,MattMaeson,ScottieMc33,remund,johncasperjr,
shinychevy,ayyyebaayybayy,brojoe13,leannzhanel,bucky4everyone,AudWhee32,KyleeTaylor7,talonmbwoods,DomiLempares,Stads20,
emmilylew,MrBrown_UMS_PE,edgeofme,kamillecolbert,mcflyrockwell,SummerSonMusic,wittenbergcomo,teammcginty821,scienceinvestme,schmidt_radio,
DocPunchESPN,kaleb_cresswell,LeahElizabeeth,BrianSJohnson32,MylesGorham85,WattersBreanna,shannon1030,catfishcatfish,BessFrankoff,magicalgrannie,
timstetson877,_xojms,dany_schuman,maquoketaphoto,come_CC_me,dalacie98_,MatthewDWirtes,cortum16,allisonmc_,DougWagner,
elijahuuu,AustinHansenTV,NickPoderys,krstokes9,Shaggy_Rodgers_,Hey_ChrisCook,RichardBuffalo1,Patwalk63410004,elliottsr1,ctthawk,
bakerdr,ConnieBel16,SaraHappel9,StormChaserZach,CoachPSince83,weareiowa5news,BobbyKnucklez,MadyDomeyer,ZachAMcCoy,GiGi_OnTheScene,
bRookeR_L,elenavazquez___,heirloombaby,samadams12pack,megsul,stokessamanthaj,MarcusRoss,IamChrisPorter,lumumba74,MeganHockett,
stevekelley7879,blueheeler96,Savi_1998,remaxclassicmi,MCallahanTV,Rachel_Conkle16,AbbottLimo,chaircrusher,ohcrapitspete,camflan,
mckennaworline,CoachMarshall87,frameofbones,anthony627_,RynoThomp,NewwJerzy,DebiNagle,BayWhite14,ARTandSOULmi,kristins101,
BeccaHabegger,liber8er,SquirtisMv07,theJudyShan,inaudible,SillyitSNeishaa,bgutenschwager,brentwalker15,dadiniowa,Allienicolem1,
RyleeDerrer,ROBWGRAY,kamhubbard,justinmangrich,Arnithegboi,borreeeeddd,_denziesupreme,Jakenelson51j,GopherSoccer,Haleyfaga,
cshindel,Zeke_Stone22,loganreigstad,DonnaValleygram,geddycolarossi,rachel_six12,seahawksfanbecc,deckthisout,effingalan,iHateAntony,
johnwbaer,ComedyClark,pamelakaranova,hannahbananamts,Snoop_in_DM,tlegs75,thesassysummer,DaveWoodAEA,YoungRamboMusic,OmarSnsd,
edavidsontribbs,danisheridan,Isabelle__rae,EmEckels,tmj_iar_transp,KatieTFF,AndreaMarieO,theperfectcosmo,cyrustheshow,ColeIowaFan23,
TazhawnHenry,haltlibrandon,Sobbo_,Jake__Brand,DubPubMedia,_realhulkhogan,17cjuhl,JennaATC,ainsleyarnold1,kgiovie1,
LaneBangasser,DrewMichaelMohr,Kaity_Buggg,BTrustyNO2ATL,CourtneyBro25,ridebreadwinner,JessicaRee40,KLSweeten,LifeOf_Lexi,nsbernstein,
C_Farnsworth5,PaulJAndrew,El_Genius,Collin_Fern,Antoinia_Rena,DevinMDarrow,MariaChanel,ayyybaybailey,biophyschemPaul,Axtulsa,
Imperfectjennyy,HelloChante,Dc_22k,triple1971,mfalejczyk,OShayla__,imaturtlebro,pizzaboyrandi,slsamlynch,nick27rogers,
coll8117,ElleHei20,LLSurfing,AshleyAponte4,DaniKFisher,TheHomeGirlNE,workatcentral,tenracing,maiareaphotos,seancarp,
halftheanimal,ohaySam,AmberNajera_,mjn126,kaherbolsheimer,mgwuebben,greggyslopes,citojm,Karlih13,nmillermusic,
Decker69er,athomps91,fuschia,aprilpoland,HopStoopid,NoahHighroller,myles_nickolite,holli_hartman,Pasky_97,mattispossum,
Colten_JB_Moore,wattusemaahs,attCAREERS,abbeyX2X5,KennedyStanford,JeffreyJepsen,adamnewton24,WesIiames,PaulDeaton_IA,BaddiieM,
Michael_A42,MeganChapman_,inthewhale,LaurenJorge,KSRomanowski,gracemcintee,abbylatessa,GrantHinkle,Jazmineloomis,Westover_21,
grahamgardnerr,lakin_mariee,lil_Moe2,abbeyealy,TaylorSpectrum,TheSoccerTour,zzziiinnnggg,Skyelee91,arzaaa17,samschminkey,
bridgeenlynch_,thatdrummercarl,goathed,Dabobie,gtrmn2211,casseykoid,AmbitiousQuezzz,Barretta_Lynn,MST3KFilmNerd,gwj4351,
Madisen_Legit_,LilSavTy,JobsAtAim,JuiceLSD,DMschools,REverettNewman,LukeWMiller,WashKastles,Patrick_Stankus,SCJIanR,
rockme_ImaDavis,blueeyeddaze,jjb_bluesman,alyssadomingo_,brifrye,ajessen80,thegretatreiber,davidhotbuns,02_smalls,AlexisMunoz16,
kellywelly0709,beyondmoist,PatBoBomb,djbabadeep,itsnotgeoff,witch_mama_,JMCato,Egremli05,__2ndsucks,LouHoops33,
tori_love,silverbullet_62,cuellarchris,iancrumley,TdotJAAY,hayleeee_SP,Mark_Champion,yeagermdy10,Mahn_ega,JuliensJournal,
HMO_1994,abby_blum4,rickvalenz1,JosephineMul2,Los_ANGELes2,ashley_grapp,TheKristinSoFar,hoppykristin,SkipDeBusk,KevinWHoward2,
EbonyGra11,TheRealRondaLee,TanaeLeClaire_,KaitiResh,josie_filer,standingoaks,saltdogsball,darkskinnnn14,coachJClegg,commodityweek,
forgot2remindu,TjepKISSthis,huntcatfishfett,Mr_LightSkin_Jr,Issa_Mac26,skatewithbob,xocristinab,BabyNessa_1,KonceptzJa,Fuel_For_Fire,
adaywithoutlove,MarkFreundKTIV4,KelliTho54,johnpaulkeith,KyleHamstra,BR80Z,AlexisSin40,ZacEash,KanersEnforcer,jtwb768,
bensterbenster,allyymillerrr,Iowa4HTiffany,GroganWayne,dlamini_14,champagnebh,jelliott1011,skyromasanta,bethegdorf,BaumlerCavin,
emma_flanery,hartbreakkid904,oISketcHIo,sean_gardner_,Whaduhp6,Eltututu15,ajstortz,the_cooler,Chance_Eben,Fake_Jeremy,
ChurchillWriter,gabriellesimp,kahnercleveland,ClaudiaMeyrick,Michaelaiscute2,Slapshot99,740TheFAN,RealMikeWoods,AllisonO_15,mteor90,
iAmStevHarvey,vibratingsheep,kaithayes97,rodledwards,BowersDevante,MacenzieSeymour,THEAlexGlenn,StaabAlex,whatsnextdave,Molsonbds85,
_baileymathis_,McfallandOats,_AlexMilo,kaywestie,TheSamiCallihan,ccumberland98,_clairejoelle_,theblvcklvbel,Mojo1130,Erin_culli,
JohnBishop71,MayraCilia09,Seth_Wineland,dianadiluxe,KaylaSchmidt32,K8dahgr8,USF_Athletics,CochranMichaela,_Dougieeee,KeshaReynolds,
chandravvv,MelissaEmmal,lewis_emilio,eclark1215,swaglikeluis,xJakeDinger,mscarp26,JRBowley,hunterofhops,TRBar_,
inlivingstereo,spencer_fritz5,ValmontCareers,brschilling,bill_slawski,alexiskadcock,Cody_Kiraly,MyronMitchell18,JesseHigginboth,elisa__almanza,
chadlhymas,iChrisMackey,emilioduranjr,01yhcsuar,Zack_Belmonte,AndyHallRadio,sophiaadunahoo,JuliaDuranR,yourpaljulie,BeachdrmDr,
Val_or_ieee,kuceraashley,rachelreeder6,Fjelland13,ChrisOdinet,PeadsEads,_bananatana_,AustinKargl,SLUTLUST,MichaelAKelly,
ohthatsMITCH,whitneyroseband,JPonKX,Lonny_Milks,raycoletv,MurchisonAmara,rgiscareers,ChazHartman,mikyle_jr,ZachIsTooCool,
lumpylnk,kimmyvz,Jossy_wuassy,atayahsimone,bunnydawn4,missmadie_lynn,KikiKrug,SWhitmore14,alecBaker3,jswagner33,
pierreingold,timothypomalley,CherylStephens9,MirandaKramer,madi_gibbs,CassieCalkins,MalihkL,PaayPaaay,LPGA,Bretthugaert,
strong_island,SIRSY,jmikesharp,BellesMusic,MattSwimFan1441,BigBuffChetoPuf,theBlueBennu,ErinMcMahon3,JulieRsladky,mrschuster0120,
CriticSean,WASHMOWRESTLING,Denise_Earley,JoshSneed,EIU_ECthru8thEd,gerardforbes,blynn_0,carlybernardy,jennyfrmdabllcc,CharityKin38,
DieselHokie08,Docbailey2005,jesse_benbrook,briii_ramos,BeardBehindBar,esasi_laety,grognd,oliviacooperrr,Bluecoats,spankytiger,
kdevo4,afsc_usa,isaac_ubben,PrinceDePersia_,ankgovtteach,LexiRobson,KrisHerrmann,CameronPugh34,CHAMPION_NICOL3,_DeathToFresh_,
KPThornton_16,ali_schutz,KathyWoo59,SarahMatson1,LynnRushWrites,Chody_Dicks,alexxmaraa,claudiaalbrech4,mhabauefc,CarsonSchuby,
countrykruser30,meganbesler,tmj_IA_ACCT,courtney_boss,NWStornado,haleyahoffman,hbooki1,skullsync_,Cashin_k,KingMarch2,
kthrnjhnsn,jen_coco_,DanVaughanJr,_MiichaelXx,MalloTheGreat,tmj_IAR_cosmo,TouroSpencer,tmj_IA_cstsrv,phillipplatz,devan_t_martin,
SoChiSince81,PFGCareers,kcactusnm,elyse2247,ShowtimeHoopers,CollinIngram,GustMorgan,ih8alysia,GEICO_Jobs,run_kat_run,
tmj_IAC_sales,MrMathAHS,picklejars,jonnie515,jrldrums,jaredcwilson,jleeinMC,baileylichty,AmandaJon39,Goldtrader67,
iowa_chaser,paulinafarleyk,GrACiieGiRL,Namesnasim,uskzba,BrettsYoungster,missn3wjudy,BrookeRowden,AbrahamsenSammy,NoahSiela,
SoLuvd_Gemini,JahiMinkah,angie7575,jakedoerner,olivenathan1,celmasri46,ABbey_Random,Whitney_Lyn721,DTHEndurance,Aangel43,
414SirQuincy,_Diana_Sullivan,nicoleaubreeey,Coach_Smith_83,tmj_iar_retail,Megan_Clarrk,VB_Ankeny,EBSorensen,itssskayleex3,LindsayB,
BrunkReed,Jack_Schueler11,MierraSauce,briggburback,QuintonLough,Okkayyarii,AlexisApocalips,DebbieMonterrey,Universalfanboy,BisketsnGravy,
thereidfeed,BiddleScott,PincusRob,ib_toolyrical,jasonholtgrewe,kourtney_B123,its_cheyenneb,davefancher,MadiDerby,marissakaylee__,
isaiaheperez1,Engel_Pringle,nmechaelsen,davidkav,etchalon,KelliNorkas,nemo_trucker,chasney_jenkins,CLofink,ekgbean,
DustinDeery,drbeth555,TomRaduechel,EmileeHamann,StenJoddi,KingCabalka,Cierraadavis11,Laurrjewell,rachelkeas,laceyjhopinkah,
swolvers,kellyaitchis0n,PromoterAlley2,madskillz_maddy,Car_Guy_Tom,KotaWalters,GordonMote,jfinau,kailee_kristine,ThatKid_Chris1,
EddyFutsamba,RobinMenster,amartinez12377,troyna6,_ClintDavis,CreoleChantilly,MrToasty,Buckeye158,KandP19501,webster,
AllenKessler,EliotTweet,Sergio_Perez13,Fireeflameflynn,keatN34,skylartraci25,OsoTahlya,DD_Dzemila,USJobsCognizant,EthanRitz,
TravisWilson919,nfeezy,acoykstate,LoveToLiveFit,MonicaNevi,cliffhines,vanessamontoyaa,BobThurnhoffer,BrettMiller1988,chasepurdy12,
swanson_linda,andrerivera801,pryrhnds,xPepitaRosx43,MissAmericaSD,596bb4dd5e86497,aycrosby,TheLizKellogg,TayIsOnFire,MatthewMorse6,
Bjonesyyy,megsokeefe,jordan_zepnak,Zbethian,Willi3Allen,OF_caesar,LordMarvymarv,dereksteez,Lagan1515,MindOfDK,
MysticDaGinger,MrsWard04,AlexciaStephens,LiZzArD_227,ammoller4184,rwilly34,twicetheGi,greensurvivor,515alej__,tmj_IA_pharm,
RHMRJobs,hectorclaros,ethan_plese,joellebrown_,LauraJ_51360,NelsonSydney00,Ayamefan9,bylime_,Lindsayyyy31,thee_ChadFunk,
RandyGranger,stephhyatt,PourBrewer,sefkac,JanelleRBlu,JamesFeeley,ImShadyyyy,MissZee80,AmberLee022,dougseaberg,
xHughHeff,KaitlynRae51,GoldenCorralJob,cswirth,Austin_712,Johnson_Power_,potagerblog,SstathiaA,VertigoMama,lesmeech,
AndrewDean85,TonyMacCharles,kennapaiser,adaviahendren,kennyboom,Sweetopia_Choco,Kaaaweeeee,CRCoachJ,DestinyIndra,soberone14,
BoazWit,klconenation,danajens,Bouserthedog,Merf35Andrew,ziggdogg,cjspore,tmj_IAC_NURSING,LinzeAxcell,eddieknowsmoore,
UNIBigAL,vorwerkd,sage_bailey,lissaj09,EllenSollazz,Kylie_cheanne,theRealYungCrid,TylersRaccoon,landoncassill,Dalbus_Haggard2,
mrleckey,tmj_IAD_retail,theprincessdy,Kelds98,Anielsen57,leslieee_101,BrennaNorman,brookeadler21,eemmaam,GuckenheimerJob,
michalinak19,deangelini1,MarkusCrane,Lex_in_WDM,valeriebuvat,CookieDee0047,Cyodalowkey,root2702,CeliaAnna33,SoDakBB,
tmj_usa_art,revoltpuppy,AjamesBryant831,Level2Billiards,kav_kain,MakenzieHarms,kimmackrill,Ryderjobs,NotSierraMist,rundianna,
mattcrummy,ARadakovich,jessicalynn3746,des_marie09,jocelynmstanton,madmacd96,godandneighbor,LarryKness,goobytuesday98,jenioroso,
TJones3312,Scotty__41,imdknapp,BBaker916,kevinthejvr,Jim_Phillips1,musepolsci,SaraRoy23,RalphyBlack,azhawk911,
xAngelaWalx40,Bgary1998,puptheband,JulieANichols,sammyray87,KatelynSprott,abbeydroz,Tomcat8548,DrakeWSoccer,mariahwiegel,
alyssaaide8,OSUEvan,TMankle_WDAY,Harvest2050_MZ,Timstuh,OliviaForseen,samracine32,JohnDavidWQAD,RobbyBarlow,Kenzie27Wells,
StacyBeckley,Rarahsolling33,jcrew_jobs,kkerianteacher,TCurry_Life,SpencerTheobald,ZoeySegriff,cocoking23,TravisDahle,mvrgo,
Hawkeyebellz,hort4cy,PieceOfGrease,teffers8464,RUTTRUTT,DesPorkLoins,a_knightII,NotInDeniaI,twilson1970,elemenous,
LoganVelaski,willlenzenjr,tmj_IAD_sales,KathyLar21,stevibooo,kirarene11,travislloyd,dimeaglass,____Dede,_LiveLoveMIA,
k_funk16,YYazmine___,ally42000,alissamarie,BrodyismeFriend,brookemarie_4J,FizPhoto,AndersonMailey,Tk_kirkland,KamilKardashian,
SayerPM,Dominic_Slouka,Serena_saurs,marcella_m9,acforesman,madatwat,tmj_iac_health,iowamom101,laurisakay,muhreeno,
TLC853,Steppphanie_,serverninjas,cutrecina,CalebKivelle,hammadimam_,bob_calhoun,jenna__herrick,bekkahwatkins,fonzie1988,
WheresBryce,MCTREEG,danielleleeighh,drewharden,Tallis_VA,beccastaib,carleymadison,dose17,bueno_touch,WX2DX,
CoachNollUDWBB,LatinoMorenito,TheCaptainMMA,Theo_DeRosa,oookillllEMM,7alansmith7,TyreeSorrells,grameme24,YaLocalDarkskin,BastAddi,
MzChiicana,TGip11,richcav,Tristan_b3,jamesadams4,mellencamp98,tmj_usa_manuf,KristinSobolik,sweeteabourbon,DrGoepferd,
sarahchums,KrisSheehan,morgan_maher,abbyinthemtns,jim_gruman,BarLouie_Jobs,askvig_celeste,ColeDavis2345,dallasmoore,AnikenSkywalka,
ShaneHand01,nidiagarciaaa,katlynnpaasch,TheShowroomTV,leliariadne,JDejuan2,SirTerryScott,Kait_Ranae,JacobPadilla_,hasabelle,
ByronErnest,BrodyWinder_,DrelCobain,jmelton42,cronan_justin,Austin_Amigos,JackHenryJobs,MahliahI,T_Fall_7,Huskyvoice1996,
SammieNichols10,Soonrsmith,maddie_randall3,Ms_J_Mac,Barclay_chloe,Botshi_97,edentullis,iowanrunner93,MikeyTrainwrek,Paul_Salais,
ZombieWolf098,cailyncheers,josaurous,ZurichNACareers,TRAFFICXCLUSIVE,Jimthomsen,srockwell02,bockoclock,_aenalnedaj,amimig,
aboutmrallen,RedrickT,aaronleetasjan1,mijac56,JamesOwnedjohns,ezridersos,EMARS77,HeyThereAir,tbalmer30,a_leighannwhite,
ItStartsToday,nakyxh,itschanelnicole,brentschoonover,mebraldy,GreenBayGirl82,rcoy20,sydneygrommesh,madisonskulstad,TheIowaHawkeyes,
savbackhaus,rwendtkwbg,emitsukada,bookmasterbear,OGGDOM,itsgreektoyou,meredithhooood,notyoshikorina,rosenblahh,tgriff_23,
kjeanne97,finnygo,mawi_lovee,CoachD_WBALL,CultivationCorr,Humbletrees,LMKAdams,MunizJazlynn,sir_eji,AmesAngels,
ChicagoLFC,jennirryderr,CassieVB11,3Varr,TadUpah,SpiritLakeVB,Clutch_Guzman,Maddiiee01,MobileMassageCR,303Triathlon,
g33z3r_hd,KevinKwapis,ashleyklh,kelseymcgrath15,troy_vr,livvkingg4,Daniel_Is_DCF,RileyBriae,tmj_usa_eng,waynebruce34,
DavidJBenson1,rachiellerenaye,bakaireland,_legacytez,shelbyweimer3,AnnieMcGuire5,abbesindlinger,leon95,mariamunguia28,tmj_iar_hrta,
GonzalezWendyy,hannahaggie2014,logangreely,jessiccaa34,KatieBel42,_kjt1125,HarleighDitz,SteveMurphy8104,g_kindhart,dugeetyon,
Cydni13,GracelandFB,York24PR,oopsitschanelle,jake_potratz1,ColtonHensonOU,Triton_XC,jmbourque21,listentotrace,LJeakes,
Cozi_Co,grumpysguide,craigway1,BearsFan278,LisaAnd46,Heatherinia,Rosenbergradio,mallorywiest_,c0dezzz,Fjmi86,
King_BoiyOj,haley_caseb,MiaRosic_,kleinang,JordanFife1,JoshuaWeidling,WinnDuncan,_Todd_Olson,TriciaPetersen3,longhairdontKER,
UncleRonAA,ylxx17,arianaolalde97,alexisjaneen99,LU_BFootball,MitchWeiler,mizzzbehaven,Alexissleavell,Wxiba,NickyG618,
sam_cieri,LolaBunny_69,thehonoroll,ivan_morrow,hannywatson,AshleyJane187,Sanel__,derekdoeing,EwoldsenChris,TaylorMckimmey,
Branddiii__,BuddyBurton,maddyeizy,fanmama1,_calliebratsch,AbilityEXP,hawkfromnorwalk,JoeCorn09,TonyD1070,RafaelMorataya,
KunzieLane,Crowl_Dougie,katie_smatch,JDarbKC,giraffe_sparkle,LumberKings,Faith_Marie0124,danielchavez333,stevecrowley,SweetMeat_Ryan,
VBarnes20,levi_lorenz,EvanSchildgen,kellyfweiss,MarilynMilbrodt,brentgleeson,SydneyOhrt,emmaboat1,ChristyPayne98,KristianaRose_,
Jowi_Arbona,tayc42,amandaviz11,izzy_bearr,claire_edmonds,Waynejehvon11,ChinLovesIowa,jensenleigh86,Williams2Sophie,CapedJA,
PukajloEvan,cfizzle27,BabsN19,SimplySeb12,StizzyYo,bradical330,BTNTomDienhart,MidwestMarkets,TealwoodSL,KyCoulson,
GabbyGwenhwyfar,maadeeelyn,KenFoster19,littlehooligan5,erowe96,RMSM00,abidimmer,schneiderbrett9,jkwuc89,LisetteMonster,
Magadelic02,SalukiChaplain,thewrightlawyer,JordanHove01,peelout,SergioGnzlzJr,seanfitz247,jcmdkumc,foley_mikaela,cowboy12,
PaulBross17,Bdawg651,MisterSmith94,TheRealCupofJoe,CENT_CU,dbatie,TylerRedenbaugh,EverJade2415,Irietribal,rachelanne_18,
amybeatty1,ImMikeSchafer,alexjvickery,aalexacc,N_Master101,JeffSkillman,MakaylaKeegan,1Resistance1972,CraigTalynn,22itsMillerTime,
HousedDFW,StillJenWilson,inertiagold,theVeenk,Sarahjeansmith7,MajinBuuRadley,whereskayleigh,VictorriaMarie,KarinaPerales24,MC_NASE,
p_cutsforth,NancyAlexis_,2dorks,Louie_Kapoohy,haakimowens23,MariaCoxFarm,SheLove2See_T,PinotLoganSq,chloster101,nbaliva,
IsabellaaVancee,KristiOnTheRoll,CoachCollum94,sherryjenix,ronnileyva,brandenJones192,CurtisAikens,KTMotorsports,mcmichael20,karsengy,
PastorJoelle,StephenGamesXB1,Mills__Nick,TheNameIsKainer,FAIRstreet_,D_Rod_32,hankbreed,Nhunter__,KrAzIkOoLcHiC,cory_martin,
SiirChi,FindToto,j_butler50,HALIEngler,nevaehmountain_,MEECHELLE123,_lithographist,Dorsey_5,DJ_FrostyBrain,MSHSLjohn,
BrendonGeils,DaddieBrax,lucasgardner,caaarssss,austinhughes26,johnrbuckner19,AndyAUCD,Alexzandria_2,haleyvesey,B_Rollefson,
OBarleysheaf,ayeyosasha,Jewelamberr,LynnUlrich,ZukyRock,_needOxygen,pkwpaul,MelindaKkeith,leighmragsdale,Itsmejc96,
KendraMClark_,xbabyjuju,autumnaskew,ShawnGlaser,taylod01,HawkeyeBeanie,BethMar53,EschMark,Nichole__Bree,Cassidy_Breese,
ErinRic36,ChrisWick_,GretchenMalcolm,bradwrightphd,wester_daniel,SamanthaUbben,r_gossett,ethan_jorgensen,hayleydreifurst,coachlindz,
RandyPete,IllinoisWedges,TexasFootball,jsukup15,BradyJo83,Lthelifecoach,MattParmeter,jessoniann,t_abee33,Jordan_Wolter,
ShrutiNaik12,seidness,Karin8301,BB_Chic,BlakesBormann01,uptownn_yfn,LVNI_,jhandyhamilton,itskatimarie,mikemooney6969,
SudSavant,ahare,cidsports,derrickheydon,EmJS02,prangerbanger,hookedonphonsus,GPACSports,Farewayguy,bob_rirwin06,
TrapStarzInc,AustoniousBerry,Iowahkys,Yooper_IA,Eyeless72123,jakedfowl,GivePulseEvents,BriceBonner,ALLIN_51,TBrennhofer,
xCarrieStex37,LilSliceofHoven,jskrepak,meems20_,reggieerockett,minnanjoy,rossnelson,TylerrDylann,Jay_marie6,TannerBriggs2,
MccauslandMac,tmj_IA_auto,saljojr,CoolTonyTweets,madhalves,RobHoweHN,cass_camp,jcdisciple1923,betswan,ThisL_IZme,
Burkius,christen__dior,RVAgooner,THENICKBRADLEY,ytanesa_,SantosVelasqu15,Hoyboy1993,imanebrahim,KeriKraus1,TorantheSnake,
keinnasueking,jarretorr,AjayHolmes,zachami,HannahKWebb,uknowJam,LittleShelbyMae,CLeeLoew,polarbearsbball,yungfuego,
twinnumber_1,MomsMerlot,lovetdw,WeeSchnaw,thompson_teach,simbastevenson,CaliHover,BobJones_bjones,Mhelgemoe,amy_gissel,
Gager21,HunterBerryhil2,OneIowa,TommyHowe_,logandebyle,KRobMoney,areavampyre,ThisGirlKimbo,shailah_mathews,TSC_Careers,
WalliceAndy79,HaikuD2,ronvalletta16,StephanieKafka,janakaystl,Nick_1612,mdemauro_,ConnerPatch,heycoachdoug,CityOfAnkeny,
SolomanFrey,rlmaass,SunuSunuhawk_Sa,kcwennerholm,ChrisHeimall,leonardpierce,Dan_burke2,Flip_19,thepainfullword,chelseuhhhh,
jacob_porter00,MarleneC_LOVE,clairerummel,Mark156Irwin,jared_harlan,CoachCho,Littlelady2511,AyYoMikeG,JerryWellwood,AshtonShane,
terryt61,Emmma_harrt,danbublitzjr,caprius_sun,FloppyHatPhotos,iChucklin,BenGraceMusic,elegantrepeats,ConnorWooff,MWelgat,
QKirchner,RunnaManDan,JoeHRnold,ArthurHWinter,Hamblin_Haylie,klschroed4,maggiemooon_,JoeShannahan,a_lambson,gaytanc_,
jonnamariehyatt,sweetTEA615,tmj_ia_adm,colhava23,BradTabke,BeanSillie,1su3d3,srogers4,CWoot99,lovesphotosgirl,
CraftBeerDomvan,StephanieOwe43,burban77,tdetert,taijanacoyia,GeorgiaBlanco2,tinlizzy,UACoachMurphy,seancraig13,stephanieanne_w,
Nadiloo219,divanailahh,JohnMFinan,_mandypandaaa,cookeeymonsta,LifeOfJordo,ScottSparr,KimberleeRenaud,AllenLouderback,TCU_Drew,
MarkSolheid,majesticlub,heathyre,haileeoporter,VonMar23,hershey_marta,ameliaspeltz,golague31,kaitreston,JIMBOBWE,
Cccclaudea99,echester33,squtie,isumom2,Dj_babyburrr24,jeannagrybas,_Smithsonia,MadiKehl11,drcrystalhb,julie_hanley1,
Cliff_Boy,mintlipgloss,partymattnasty,MasonWaters_,grinchynoelle,sammyyyyy17,RyanAit,BrendaRos15,spudmd,S_Vandergriff,
DrCarlosGrant,bsunday_,DeeZeeMfg,Thoeppner60,OneEyedz,caroleenc_,ellenjblankers,soulayyy,voiceofcohen,mylifeasem1,
rachelwilson831,lostandfound5,AnnBBTrip,kkvonahsen,Me_and_Draya,Duffie06,hochman,kschnell,danielpsukup,GotYourSix,
snippet_jpg,timbooth_,alyssa7x_,_lfrye12,HannahLatham12,laurennwilke,RachhWolf,bakeupp,KirkSpridgeon,Caseyy_marieee,
ConnerMorris5,sunshinecitypod,Its_Rachel_Ruby,BeardedBullys,NWSSevereTstorm,LithiaJobs,holly_harris,dsondag,kohawk18,Allan_mannn,
MikeSorenson1,brandonshupp,davemillar71,lyndeseywinkers,HappyWoman9,TheLastAdrian,PAIGELOWARY,smaIIstream,T_Hanks3,MindiOne11PH,
jules1011,jhoeck,AndersonMariah,KNOCARACHI,olson2g,brophy_natalie,CodySoto,Maris_09,seminole94,andrewrubin24,
cyrus_rogers,johannarbaker,KarlyWeber26,Drkthunder317,CodyNorthrop9,dequese,reidphotography,korawenning,Seth_Kloss,ErinPatterson4,
teddyarrowhead,nimbleboy,nicolemaaay20,KingnQueenSwim,CaseyJoGonzo,haala_back,jody_linnea,nuvabling_,Ahh_Nahh6,friisey,
mallorygauer,KauligRacing,AllieMpls,TheGreatMarcVon,tkoolbeck,ampersandria,alexrauch,Omaha_Tiger,abbiestumbo,creepakauz,
andrewdcato,rbharder,fosterluke66,kidkaitlinn,gracieblwn,dave728nc,alexiswestphal,Bgutnik,CandiceBlog,jadeisthename,
Blazianenigma,racer_blondieee,mrmlwilliams,evmo_,justinej2,Graciemay0912,jenniferchow,CondemnedCustom,BobPapa_NFL,nledet11,
Chris_Buckley,pragmag7,ryanstruyk,Steph__Paige,aroll43,Bricieboo_23,jfred2322,MeganNemec,SantanaRocha9,PlainOldSelvi,
PKUGerald,McKennaHaase,xLEXICONx,beks_118,PhilRoeder,calerausch,woltz1975,ZBrooks92,rcstevenson6,fbaumler14,
JBallasign,MolleeSwift,GrantRStevens,SMITH_LFD,stott_ya10,Danway04,TheRunawayRN,thesaltyspirit,Annie2001annieh,chickandchuck1,
MccormickDusty,SportsMediaChal,EmilyAssmus,ohKaylaG,iswanny10,ericksne,brandonreef,sharkhvgger,melissa51754527,mollycloyd,
_Elisaa25,maxwellrumpf,parris_mcm,coliejean33,occultbabe,TheHippieDom,emily_nelsen,Lexy_Bergan,ariellewiton,madisumrs,
600Breezy,TinaLei7,KiraBarry01,odie0222,DanieAllOver,travisclau,germadams,TCCcareers,AsianAdidasGirl,JarvistheJumper,
yoyoyoitsmegan,MOONPUP1,GoddessofGrain,krristaall,RealDorianDear,toddjacobus,Paigemetzger95,pinynu,BShawnMidcoSN,DangoVentures,
Clay_Masters,sarabsutter,JessyBrownTown,ElVenenoOMG,TCE_CedarRapids,tmiller2462,DomMorganMusic,scanlansierra,SandyBigalk86,blueberry_town,
AuntCoco22,S_Thrall617,hawkeyeinmd,westredg,malikcherry2000,wyattnun16,AceRock123,BrianMyers134,TylerGlende,JoSwindell,
SamiSchup,BarryinIowa,GPHOTOB,Marbahr16,bldmovs,Jade_Harwell16,James_Feutz,keegs1717,SamMiller0,thereaderfilm,
Pixel_Catz,BrianPersky,IowaBlues,JosephHietpas,AliWil11,dutchnewmanis,zantotheder,JonesYaBish,PureDesire69,McMahonCatie,
dickinson_alex,mason_mower,tendersociety,Ariona_,SummerSchmidt,HannaBanana_24,MollyMarieCox,Plewis1994,nichole_ogoli,hjharnis,
Courtnaay21,ryonallbaugh9,AdamMuckler,JarOfComics,Amanda_Rae_Kane,CrimsonNinroot,JonnySwagger,RicheyMizzou,OneTimeForPimp,maureen_hart,
gdoll1010,SLWhitecaps,ryan_keating5,JillSixx,__Shaquillaaa,DannyBrassell,IronEagle4Life,Mike_Flagel,memekinski,minnie_climer24,
kellytouchie,Cubbyfan712,DJONEWAY2DAY,rymian,mesonjixx,AmberNems,TPATT_3,halliegh123,ikara73_Mitchum,skatetochurch,
twerkfishtwerk,emmaleekubecka,COwsley33,ArmyHeel,THEJeremyinPDX,FredellLogan,srz_21,TheeLoneDaisy,Ty_Davis21,SHam_Wows,
stodghill10,Maliki_Wilson,makridgeway14,wxclimonews,TristanDaPiston,sofy_turley,chiploverlou,DavidCarolan,Rgraettinger,THeMeLeeTURTLe,
THE_CoachDJ,FoodieAtHeartt,ElGuardianAngel,Charlieeee_17,ThatDudeDEJAY_,SeanRauchut,ladyoriental82,meyer9996,Benzuckerphotos,msheneghan,
AnxiousAnita,Jmudd_98,RVReiff,skyler_40oz,checkthepRICE,TeeGravyShirts,ktstilldaillest,JMarshCB,remaduncan,al_taggert,
LightSkin_Red1,SouthernRaisedB,MadelynBeik,mzbeeezsosassii,rilantis_1732,MarcoJBianchi86,Meistro19,Brad_Meister,NetworkingPWR,RenataHinrichs,
le_glace,tmj_IAC_retail,cjwynes,MissDomaa,hm3clayton,rjb37066,ClubBelgique,Sioux_City_Iowa,bisimoto,robofear,
sauvingourprobs,shondon_69,Uhl_Jess,scarbhill,Lady_and_Red,adamraycomedy,markusallen1,sadiekurtz35,DenimDoingGood,JanelLaufenberg,
tiredx100,DRG_Cheena,nina__catherine,kolenda23,Fernando0rDie,joei_ruth,mmital88,Rachelle_kenn,clancygavin420,Mstorey30,
edgarvlermamd,xoshelbyjones,Paig3_Elizab3th,NickBlackYo,tswede9,Efogghb,Pretty_chinadol,EliLinc25,annie_mayhood,twiglife95__,
sizeofthmoon,phantoms,JoeThornburg,jennacallies3,Theresa_Neuhoff,JenniferLThill,tamiurbandale,keairaswanson22,mtvalek,parkhurstmorgan,
reetzman,AlexanderArslan,Jackovin,laurenhiltonn,coach_fozzy,PeterMDeWitt,amiiii14_,BrianHMacBride,pinklady628,FarmerLarmer,
adamtw1010,deroos007,acazares96,ColinCole91,MYearout10,DrBHotchkins,Sup_TJohnson,BrxndxnJxhnsxn,MRAZOR11,KelseyLavy,
dtheartista,Jacob_Oetzmann,rhealeefern,foobigardens,txcharm21,kaitlynnsydneyy,showmerob,faythspringerr,AhYoChris,IAmKotah,
avdude,allyjune22,EL1332,DeWyse14,MeanGreenFB,mikeshart12,kcmurcia,MemphisBigD,HaleighBrick,O1kenobi,
chrisfrye1,akcolorado,DuaneBonifer,ChicosCareers,PastorBenMeyer,texaseagle52,CunninghamNola,risajo_123,megsgrubbs,cherleigh,
TitusONeilWWE,xcmoore1997,LRash13,ChristinaCTV,GaelynnLea,EllyKellner_,nicole_icole,noXsanctuary,MsKruse517,JS17Racing,
IowaDuckHunter,EricEwald_Iowa,AndyGrewal,NorthAmerReview,icwgirlstrackxc,raaari,GrixbyWill,MFranzenburg,Art_NoEasel,truckstopvomit,
DDVINKS,BlakeJohnson14,TheShannonFiles,CrashPad411,lostnorwegian,austinbonnell,BABYdollll_,Divababie,Ikey2Fresh,tierrak_,
Jimmy_Ounce,MoneRashun,SouthDakotaGold,Dee_Aveon,ber_lingle,cox_jaime,JordannNagel,_kellymckayy,lstephenson96,nikki_d_spence,
Liilyysss,aislynnlee,McKenna0315,mikeaustinwest,skucera11,tfg_super,legendis_back,benmcdermott4,AccountempsJobs,jtdvorak,
brettkliegl7,DIELiciouS12,InfiniteMeBand,DarriannaMilton,dcam39,ISUExtDallasCo,MarkHoefling,SellersanlyzNBA,pammarrone,WLHSCometBand,
ZachHeilprin,xHuggs,ohhoopslive,supertruckerdan,jordyynrenee,ryncogneato,NEMarshall14,janakaitlyn,Monica21491,CCarlberg15,
G_love13,garythomasGT,ashtonbrynne,PVVolleyball,alynetty,Dominique00109,Amie_Just,abbiewetzel03,skylertiannn_,RobMHutcherson,
TianiLTovar,Haleyann2298,HawkeyeHuddle2,PlayGod_V,naludwig,jamesmorrisband,_lilokailani_,mdnghtt0ker,EricBoyle,wiscompton,
WrenFione,MaggieJoeHarvey,Hecky1019,zachcossack,Edwardlwoods,officialajhernz,este_smiley,ajzickuhr02,LauraGilchrist4,bethanywilcoxon,
Standup_Lawyer,ashleynmad,Travissimmons94,lilputita,richmcninch,casssadykay,LexxErnst,HumphriesHaley,soflyaudrey,ItsReallyRach,
mikejonespga1,revmhm,rjm3827,harris_molly,coffeeANDnaps,TirukuralKaram,indianainsomnia,RachelDav31,RayLUTS,just_jesscuh,
ZachRuebesam,traezoe,GwenythWollner,AyyItsAllan,bkramer78,cbzoomer,kaylieemariee,BeemKensie,cheesyscot,Mayreezy09,
TheOmarKhan,MaggieWiegandd,mymewchowski,mrwrong2017,Acquanett,CharleenMoo12,kevin_wissing,GManBN375,emilyrossiter_,lanebill2356,
leviperry_,wearecareful,ayyophoe,ChainsawKing,The_Chipster81,chs_iastate,RockyMtnInst,Buddyhawks1,thecadillac3,brysecakes,
tayduece,Lucas_Homolka,coachnelly8,ItsAbbyRick,mara_puente,bachlaw,tanya_irwin17,michael10739607,Bachy68,NvrShoutMegan,
The_Devil_7,AmyZig,sadiemyers13,Sowers_Steve,strawSperry,Huskerfrk,ELELkoolaid33,MASlipka,tjebbs23,yokeerzz,
JustinPlasket,SaraStock77,__cheyennemarie,Jimmyrepair,brennacarolyn,Bmines33,KobesProdigy_24,JaymieKling,BeRooty,OffThePost18,
WillieCashmore,DillenDanger,GRayCMU,Kylie_Fink,Robitussinx,thefuckitslinda,kjbbrooks,mullhouse35,OMAStormChasers,RobGutzler,
Randi_Kinkyvold,emmaalysann72,ProfCedar,Aalexhernandez_,EthanAnderson43,morgGstalt,Duhawks4Peace,Cavi93,MichaelMgmooney,Its_J_Star,
bradyteufel08,usdtheatre,SorenMPeterson,meganhats,HLVanFleet,Kevanyon,same_weather,hofnasty,bklynhntr,briandean,
DefeatMsa,skategeek17,BrandonBrendel,bgumm,T__Scrib,CAKWarriorCoach,cunninghamcody8,kimmykay05,JohnVPeters,GrantMRodgers,
Sundermanfarm,KingOpp1,tmj_IAC_HRTA,mattjlange,my3screens,waiting4sumthng,BWFreese,peachbebbie,petey3334,lanepotato,
TaiPor49,SamKurth,MikeMathMets,All4OneMusic,davidbhutchens,Casidillaa,NoahHartx1,CaptainBosnia93,kyleeharper11,Sensi_Samurai,
BenAnderson_35,Monte_Jones_3,jeremiahuju1,TheLastPaiige,leifpettersen,anastasia_luck,JDalton82,fosterthinking,screwyoself_,nick_hockey12,
TellyZuniga,heavenlee_13,leya_mitchell,featherbear15,mrwrigleyesq,DubuqueIA,ellebell111,sarawinkelbauer,battlekalik,JayLunar,
swolelukus,zzsmiller,cadebelshay,SwaggyB_10,TheGreat_Nate,sfillner,Heatherbell_sti,ElijahAlvarado,haliethomas17,livingjaelyn,
ChrisDuerr,NABAInc,LaMontessoriN,anavgonzales_,jmacisu80,baumsarah,ewoolery_,HippieeGypsiee,FeautoNick,TurnuptheKC,
LarrySchuler,pxtinnaa,JenVanFleet,R_Weber23,ojoart,JollyHolly197,allisonjonasGPS,teachearthspace,brandonmillerkc,Jay_pesos13,
ryanearl26,joshualance,chazachambers,haley_donovan1,tomjournet,PatBank10983686,Dejlynne,jayrashaan_,maggie_bice,LoriPrang,
kira_lerner,JulieRummel,ayalaguitarist,aarongernes,OleKevin,loudsourcream,KaliberZooblock,BangTCo,Zoe_Louise98,BillTracy1,
SofGoodman,jay_doggette,mommieisntmade,miller_stevo18,tmj_IAC_transp,Dblue31,TimeJumper319,Aegon,golfjeanne,k_gomezfey,
l_karns,caseytayyy,n8huffman,_xotmb,kyle_fopma,INTLMAV,so_fabs,Oh_Jo_Schmidt,OpsRecord,DBFrisk2001,
amyreznicek,TourDePACLANTIC,jadahubbard11,spoken25,kaymulaaaaaa,cy_rob,MrTimGrubbs,Ruben_Osorio17,Lavernecox,obc_benson,
sewage666,brycewerderman,clifforoni,JGOneSix,xdmvy,elliemillenkamp,TheKoges,Riley_Carr,megan__rogers,jjbcattleco,
iqhackman,leadershiplion,liviesprague,dickerson4pack,kalin_knudtson,nikki0202mc,aubbbunny,EiderdownSounds,RachelTortora,marasainey,
Kirkman,feeneykevin,JScottFit,beyo4cubs,F1Knox,SandyB_PSUAD,sassables,Kelli_MI,brockjohn3,tmj_iad_cosmo,
Bailey_Ashbaugh,bowmama,AlecDRomero,WashburneMaggie,Sportstalkcrap,huntmalley,SoitsJakePorter,Cougarroyal,eulisses_o,GlantonSmith,
macklemieux57,DevotieTravels,fasolamatt,JMichaelDixon,bjoewolf,scrungobeepis97,HannahPederson,mollyydexter,drewscar,coolbreeze2444,
HWKSTNG,spotternetwork,mentos_planner,Mirri_Cat,joshuawott,EryBodyHates28,yankzpat,DanielJCruz,sirloin03,Bottorff44,
chrisjensen_15,Tthomas2015,CameronLantry,RogerHillJr,Stayin_Real,kelsey_rae01,McCoyNews,Sweezy_F_Baby,kiileysain,MountainManMcD,
pinolaphoto,Ferrocastor,CTrappe,stage_5klinger,kaylsmith_,adavenport1,thmcguirealma,B_rettGreenwood,Jenna42885,katmfish,
TannerMarshall3,ih8trumpthemost,Wakkadoo42,JenniferRaff,xkv8r,Ann_Kaylee12,AlyssaNoel_10,Julianna_knoot,DillonEhret8,AlisonHarrahill,
BRNAgNews_Ken,ClintDBryan,macie_tish,alexbainter1,thebecksfactor,BurrMegan,DRinn17,McmackinJake,sydneyjspink,stephykins,
OHSWomensSwim,PFritz21,HUMBLE_MMM,coach_coxy,bvashus,MarcusShaw,fw_c_c,asapwill,BigHomie_Bran,Lundy0424,
spencerandreson,SiestaTrashton,GregComedy,Gemanichole,lvph_m,seth7123,lechner5,TraceMcCuen19,BlairT12,mstmbaseball,
carissald13,kristen_1313,ValleyXCTF,taylorlmeyer,JDubThePlug,Killinov,WokeTimmyCain,KXEL1540,Sherise99,gibeauolivia,
tsuejohnson,MeganGille,GabedayParade,CFDeafMinistry,DavidGiard,Freak4Harvick,PARASENKSHOW,izzzyhello,AmeliaSimb,AustinJackman,
katelynwhitcomb,andralawrence,daftgear,UHS_EaglePower,smyhre23,BeauBecraft,AniccaHill,HiigherVibes,usnast,BakedestTater,
madkinsey,SteinmillerC,tmj_iad_cstsrv,HughMcBryde,HawaiianCoach,njcb77,HaleyBogh,nikki_lopatin,Kaitlyn_Flenker,jaayyybo,
HiattSami,mjshatts,aaadjik,Mandymoo__,zackhohenstein1,Dr_Crusty,loganwolf2,Mary_wilhelmi,fitmooney,HannaDeJoode,
maliyahh,Reiderreiter77,linzard927,Mistiiniowa,camrenhron98,markssorensen,MallBau16,Tyrangelo,brick_seth,WhiteShyAnn,
thefinalSTRAW,joneill55,austiin_boii,AnimalBassman,martinbeks,GrizzlyRhyno,AnneWeideman1,TayylorKuebler,DohertyJobs,nattywaithe,
neilpjohnson,jamey_treanton,TownBallTuesday,DaveWiltse,tmj_iar_adm,Perris1975,lolaroaming,brynlov,Kensey_14,ericmistry,
jnolfo,TaylorSchroll,Kevinsins303,_carlykinney,_hjn,JackieLop12,Cloudstomper1,mattchitty33,CU_SPS_Sports,Not3Worthy,
ms_diamondd,f4deoutt,loramarie03,meghanzach,bjverzal,KenziBrinkman1,shelbs022,BenMorganb,selena_Ykylm_,JeffHowe247,
_liiiiiiz,HuntzMorgan,brynndexterr,themakiattaki,ArreisReis,DToolboxJobs,sfstampede,abbkieff,librarydebster,fenceroy66,
Honeybee06,yoboyawon,camrynwilsonn,ArtdogJan,TTTFanClub,DJTREY4,RedneckAnderson,ZaneG_5,Sunia89,watchoftheweek,
TeriLOC,alwys_mvn_fwd,LoganLittle_10,BunkersV,_colestetzel10,dlowedaman,BlakeDensmore,Nicktoon47,Maggie_Paulsen,MeganMarieLynne,
ericsterchi,fieldagronomy,Streetz_Legend,JordanMelissa85,KendraHoekman,kinik13,TheBryceIsRite_,olivia_enright,nicole_utley,FARMinear,
joshmanders,CynthiaBro20,ChvseP,danielkbond,Katelyn_Leeper,ericbatterson,Hailey_JettCox,MrMikeBlake,jeff_mac9,_ajefferson,
tinsley_mia,q_acree20,penelopemrtnz,soonerclone,joehrdlicka,TheWallDoesGame,rickmak111,darbyspoodle4,MaryyKathleen,MissMadsBro,
mattkarvonen,amandarschill,krdetroit,LikeeTheFRUIT,BxBombers_21,LexaaMae,MarkNel1026,rileyrenee23,PaigePerry111,HMorseellington,
KennyMoralesTV,kayliesmitth,CovingtonAHS,TrentonHawley,BREESALEEM,pais0007,kathyiniowa,ThomasCWoody,havocthetwisted,JNordin63,
GeistGracie,nixynock,tmj_iac_cstsrv,marleerichh,instagahmy,ChicagoSteel,MerlinTW,HornIT,Silverorbust,BoggsSports,
BipolarMomLife,paultrani,Peolerson,jerissaingram,hailey_coleman_,BD_WONG,Shvdice,realshanecozz,BristiGerber,cr_zzzy,
DarknTwistie,lexieschluns25,stepxstepdance,TheBrunchBoys,Buck_Kemps,HerbertHistory,Mexi_Stash,bakeania,annelieseerbel,rickyhawktiger,
AJFett,micahcutler,Kcwhabbit,RevDrJestus,319E17th,Karens_smile,QCBanditPhotog,mrmike_lowrey,blk_ladybug,ItsChuchiss,
tmj_IAD_HRTA,rpexaminer,rolindascott,dianacoxphotos,SirRangeALot,Jdub6Jdub,adammichael86,mswartz2980,tylersantini,Dutch_Mandel,
AriellaMalleMay,fielderdream,SaraHackbarth,PlainMcChickenz,JenScanlan,CVSHealthJobs,Lexie_Jensen,RebeccaWat59,MMuto24,ceetee99,
ECTrack2580,emma_gmoney,RotoRiot,TheSatelliteLA,TotalTrafficOMA,sarabert4,doneykevin1,direndria,chswildcatpride,mikedelgenio,
andyetzler,brittanylynn003,erinnicole0723,jerrymaus1,britamaia,TheresaBuczek,oocupcakejoy,jordankyle99,breezycolie,warooner,
katashbacher,t045t,RaCharmaine,Sosa_Miguel13,raeeeraeee__,WhitneyBoysen,PaMullenn,jannellllee,nickkkk0,KLander_15,
KevinNouse,NickLynchMusic,marcy_angelo_,NebraskaCody,Gunnar57Davis,Kamryn_Sannicks,iamedic80,JKnick30,StBoniBrewer,CAZWELLnyc,
WordOfKo,AlwaysAllenC,ramseejo,Jordyn_Wieker,CentiraCierra,Tatgunjoe,MeganLenox36,Jreed950,DustinJarrett,TySteven_,
WinnaVegasIA,ClaraJanzen15,TylanMc8,GRidgeStables,Garrett_Greene,mere_medina16,TheDoc__,mytzpyk,egg_jpegg,LadyCougBball,
DRPHEELGOODTZ,HouseOfAnnaM,lborst_01,erika_b24,LawsonTaylor07,WhatDHeckman,MeggoLeggo96,DeplorableRoger,Bk_NoBurgerKing,liketheshape,
lilrudy_,heartandcore,MBHires,mipo777,WhoTweetsBetter,mayrenaisamar,garbage,Stevenmgrant,bpmccauley,KearneyGanng,
NoSpandexReq,spottertim,frostyorca,LAtweets22,Flashmanwade,GeekAaron,austinprobasco,UrbyJT,kaseyboo1,jnsmitty7,
DrSheltonLSmith,JeffQuibell,TrentDreyfuss,xtiineexp,PMichael_Wright,LanierLaw_17,harlowingDM,OneDirt,mollllypocket,itsjustcady,
TPipe_,ClaraJCox,H3FTY_L3FTY1218,ScottBonzDMI,jenfuchtman,Jordan6971,AngelAngst,ShernnelG,gwrobleski03,SnapShotz7,
hindy08,CivitateC,JayQueb72,emwake1,laken2000,hay_toots,flbodyandpaint,rickyjenkins,tmj_ia_hrta,kenzikay11,
pfac51,hartung_nathan,jomonkeys16,aestratton,HotelCFeenz,NickAiry,piensaenrobot,FleetFeetDport,bossman_kayy,Savvy109,
khurdhorst,AllieeeKatttt,yaboybakes_,LauranKrom,TheeRealGee,tmj_IAR_intern,gibbeyyyyy,Hawkeye_Kay,nickalbright,SethMKRoberts,
MadelineDarveau,mlebehrens,lyssbrads,cerebellam,KaitCleav4,kd_Glo,GarrettRider43,jesslcampos,viking846,HeschS,
njbenes,ryanbaird2011,emirolled,JessicaBel0,bikiniraptor,CJlovesJD,timhansonjr,JakeLevyVoice,Yolson_,PaytonHerwig,
tannerduncan,CassidyRoth3,SEIASoftball,BlueJaySuay,alieshamariee,Gagebraham,loganrandles17,JordanLutjen,vivian_urmie,omahajon,
ashleyzosa,jamierasmusson,layne_stapel,Bailey_num1,og_tracy10,Narfnampil,JedKobernusz,tmj_IAR_schn,Btenbrook6,FirebirdBo,
DianeBot5,JasonRosko,socalthome,JennaAxtell,Abby_Diemer_,hayleyh2015,PeterAcquisto,woolsoncroft,MarceveonM_,schroeder_ann,
iowachick64,Hannahhjamess,colin_benson,brooketent,Weatherbear20,benakr,tayneil7,gamedalfthegrey,ScottDochterman,cjlathrop,
NattiPatti,SerafinoBrito,trillbammy,LopezTheCreator,AllyPaeper,britondcook,centerforzero,torrespolisci,Hard_To_Resist,kellyduck,
Kenyon880,Lydiiakiim25,kolefaragher,Cindy_Whiteman,CincyGoGo,Ross_J_,MJoekel,JeniPow28,TaleighaWatson,MarshallLUTS,
JamesAFlores1,_MikeMal_,cacctuss,HugeDumbIdiot,maggieenglish,Irk_Brandt,DirkDavidson,haileeray_,joeywvlker,NicolettePhoto,
learenna,JMDreckman,huntthehoop,payton_nemecek,pjoviatt,EvDog101,kingofcuteness,jonathanksherer,missmorgann3,theMIGHTYproosh,
erikchrist1973,michailaalexis,Heather_Hooton,jessicajean_,jonaroni,iAmCam5,bacon_bitts,parish_mandy,Jesse_Blum,Heycannavo,
Andy_Deane,emrosettab,joergentile,ClarenceDayPSU,AliZerull,CochiseXIV,KidScherer,FETC2016,iowadonor,williameklund,
MissOlympiaJ,jennruth93,Tommy_KLIN,kelsberke,stephaniehowse,daaniyoung,BuckinghamID,OctaneBoy,Kuro2091,IA_Kelli,
delaneydianes,NuQum4Real,LOVEPINK_1986,FrostedFrenzy,Launterfied2,pjact32,freshbreezz,JMuniz822,nathanielcline,Sarah_Z_33,
dirtyduece_2,wonlife08,ALYSONCOLBY618,robibrose,PattyWayneDoe,laurennicole617,spifferiferfied,mmartell728,edmundo_mata1,LandoFrenchman,
MaxMassaglia,ServerRat,_ajhosier,brandikay3,benjaminthewong,ColeRideout,YourBoyStove,mikegens,FRANch__Montana,mikefromthe3,
CallMeZeeee,NJPace40,NHSboysSoccer,mriedmann,JCI_Jobs,hawkeyerob,Marshalljackman,TiredCommentary,LiaAguilar24,ellamellad,
CareersAMC,andreagreamba13,thomasdecaro,mbloom3399,laurynnnnnn,Scatterr_,cozart_jason,rjameson8,StPaulSaints,_Dan_98,
Chelsieann10,HassanRezkHabib,amishclone,echartertrack,KhiryAdonis,mattcham37,abbey_jamison,audreyyllee,DoaneAthletics,BryceCook_0403,
gracewilliams22,FollowThatBrew,amaleelarson1,mejia617,AnnaNSmith17,MonicaTayTay,Cthulhu23,Kramed67037,jamesonhuckaba,SahilcdesaiC,
elitepete35,thebermanator9,djryanlofty,Joeyanke_,geminigrl1985,CoachFly_,PJNorem,dabaumdiggityz,CareersAtSoma,TrentonOLeary,
kelleajo,jadeplease,1IG_dP,IamDEMRICK,Lakeyha_,MeghanGeorgieff,Alotta_Ocelots,_ummkeesh,tayler_wolff,NevaWaidelich,
peoriachiefs,EricUnderwood88,HashtagScottyE,DanteTorres__,DJTORO13,Rigolecito,MendezMike,McDadePrecious,EmaginPedersen,ericbaber87,
PatrickKaler,nick_corwin,thebradmcdowell,pauldineen34,saenz_2112,AliveinMe,davelevora,ChristineHen52,TarynHutcherson,pt_x_pt,
zohie_damgaard,bobminnerguitar,CoachNoring,tKCyclone,Mc_Kayla_,carlos_paelinck,HuffLarsyn,drewparker24,suegreene22,dctitleguy,
SqlrUs,openmikesdotorg,DarkKnight0618,ctlndrstt,melinaibarra_,cxxlxy,silverblnglady,RonnieFarris,SioConnellan,rexgirl22,
max_mcchesney,SassSamm,tmj_IAD_pharm,AlexreneC,MercyICCareers,MissHollyJ1,Lilianakay07,BGibbsmusic,blue_Velvet2011,Conrad_crad,
Chrissie_gail,RoseGoldRegis,Train_with_Niko,lidiapeterson_,iapunk,musickalpiggy,montydam,kfudge29,nrborski,JustynaEberle,
jacee_jo,mjkumke,maddyleahy,_brookepaulsen,mackenziejoy24,maytag15,Lexi_Bruck,CerealUnit,MRobertsReviews,DianaaPradoo,
tmj_iar_it,MMcElmeel,dennisjconner,krystalball,nsalas9,O_Austie,NinkasiDolley,Rhiannon_Hamm,lysbereal,_ILoveTallBoys_,
lisamstevenson,kfwills,mutraxx,the_mongoose135,theycallmeMarks,LynchonCCO,itmollylawrence,baileyamorris,dylanschuck,Trishna1008,
TaylorUselman,MaddieDvorak,themediamatters,ash____bee,IanJMontague,sdudeck,shelby_rickett,Ricke_Bobby,LitoBanegas,bryarWilson910,
HowFulhamish,scottcolsen,mohrisbetterr,tanam214,jordanbales3,kbsorlien,Tyler4Budden,thomasdcox,MissMaciD,RHS76,
sareendk,JerryWhiteMC,AnotherMermaidd,crzyladyjl,Brooke_Corcoran,makewarmusic,strbryte713,Ell_Dell64,PaxtonDrums,CluneyLinda,
TLee910,d13_kam,DuhShwaZee,ListWithLensch,IFIS_Warnings,KCWhitness,MileHighMelanin,Marky_shark,kerrymyers_,abbyytostenson,
autumncolvin,M_FJones,emilyhuff717,8thHokageSimba,ChrisKuball,bike_n_bird,HowardInNapa,fnomnal,CodyRob333,haley_schany,
smifitz_shelley,wdiamond605,1billcampbell,mkitchin63,StevenHove,schatters98,MissYuniquex,isaac__appel,carlykinggg,tmj_usa_constru,
AlysonSchipper,_trevorrrrr,cyndiwiley,michnebel,Alyssa0067,SSGMADSENJ,Lissa2311,pottedmeat,tompeters96,mikejohnson_21,
0kstephx,madtitanxxx,AnnaPizzapasta,travie2shoes,Pankonin11,rissa_desiree23,showtimelik,royalgiridhar,Dingo151,drivin_a_lexis,
SantiComeTortas,go4cyclones,aneliflores,luluren_,PaigeNicoleS,CapitolRenegade,hiccups24,bribaldwin7,abbeypatera,lhalter25,
Snoopy8383,cheykh_,KylieMoffitt,MrKuchCHS,RichardTMoody,thechrisparks1,Moe_Whhuut,CVote,sethisMusic,dirty_fin,
ReinhartCareers,ColtonJessen,jairofigueroa17,SybearrSpace,BadgerDan19,GitHubJobs,JLV_1988_07,KidPogba,BBNate_,BorjasMarizol,
lawleydobrik,JulieEdgington,LMasters8,snowman,DGreiner31,andyintnat,UpstreamPodcast,fellythekid,JoeCool_TVC,lisleweapon,
Kami_Weber,danimueller21,KingApple__,Jbeyer10,nikogemini,JayRushRadio,AviMiIIer,lindseyraeryan,AIvy157,27h3max_yo,
grantboone,albump10,Thadrana,MichelleMur38,tmj_IAD_banking,vanessafernm,__jennathompson,DeEttaLLee,dirtvision,jordanbahl,
JKealing,tonygov,BallroomThieves,Wainright24,ddevries03,bpowerhour,therealsmurray,the_1st_mimzee,Tskenia,PurpleVIKodin,
MarshaeHill,belvidude61,DahlTrain,sarah1jacques,NGuggisberg,TheRealGBrun,mack_rooks,Mandosity,tarafavia,Paul_B_1979,
NYeoman,AnthonyBinetti,shawnalode,WxAbrady,LonesomeGhosts,AJRhythm,KingMcCullar_,shanevanderhart,SamiJoRichter45,Sarah_Boden,
peaer_,Jayclem_,MikeChapman8,pcseller1,KaylaCluff,brody_mason23,devinBbrown,HButter03,jamie_jolynn_,united938,
aksarben399,kayly96,tolan_morgan,ChrisIsHCFest,CharlieCrea,tbweig,bowenborn13,judyoloughlin,icatch_td,AdamKRichardson,
JacobDFuller,whutever4everr,d_hamp31,_lillaayy,ssmarquis7,HowBigIsURGod,lyssahalliday,indycaralu,YahYeetYah1738,NatStatMiLB,
Stay_Away_To_Me,LouRocks1,GlennTNorton,tmj_IA_facmgmt,Daily_Tyler,ooo_SARAcuda,Delgadojuan95,amiejune,OrangeBird21,citizencupcake,
amycsc,mydearjulietxx,Dev79,CassHarrington3,sophiewilt31,Tirana69,SadMeganGirls,KiaLeigh_Kae,sheyannenicole,QuincyJamal,
AGuyNamedJoey,vititoehunter,maggie_winton,CharityEdgar,BasedShoe,anthonypadovano,janesa_michelle,indigounicorn,SwerveSamuels,manofsteele123,
TheRealTrapKid,MayPatMich,peytatonix,Sierra_Gothard,MARCaENRIQUEZ,willborn15,koehlerwendt,TaylorLeMoal,chrisandraf40,zenies2litrn,
jwilson1812,shortbumble22,ChrisTurnerWTOK,t_vanearwage,Goozemen,veryunchill,scotydogd,xIrinaNesx32,ultabeautyjobs,StevenJames517,
3ninesjewelry,Wilky769,LoganCaudill7,KalinBurge,Sammywilson2016,RhondaLit15,michaelaserrioz,Nate_Podey,camrynjae2,BillKelly_NET,
t93nt,tmj_iar_sales,lyspost,Mak_Pyles_14,Gregohray,jakelorenzia,Industry_About,stych626,thenamesvalerie,ServinAirBody,
worldfrontpage,ItsShellster,RafaelP_11,breannave,C_Whiteman_51,ImadRoyal,startme_,imspacetrash666,mackattack_40,PaulaAlquist,
basketball522,adriscoll34,erinearles22,BreeBarrera14,pattillostyle,RileyMeyers14,ebble12,TonksNtheAurors,samnicholson11,ReaganLSesker,
hannamriley,shaniabeeeee,HawkeyeFootball,GarynSimpson,AllysonKubiak,alexis_irlbeck,Pudnite,robless13,Dayquanis,kaykaloo,
kyleisyoung,HinsleyJeff,conspec,DestinyHendry,TheErynMarie,slappest,MadalynBachman,tminneman,ChrisWalloch,j0hnandrus,
MichaelKMurtagh,mari_celaaa,LOGXNGAMBLE,SiouxCityXs,BillAicher,briankjohnso,cwittrock,MaliSosa_4,Harry_Rixton,Dox5,
one_dayata_time,hayEwilson,GinaKna43,jonesrich,atnBROCKovich,MrCarlosGonzati,BerdoMike,jacksonwho,Aint_thatjay,KatieDentel,
PMoeggenberg,DGCareers,vegasbrown831,zuctronic,elizabethrae31,Wretneck,haleyhopestiles,VikingsPR,t_h_a_r_p,AshevilleSlut,
Lindsewicked,oldcyclehoarder,slayerisgood,KarmaRocks,infosrv,dodgemin,Briii_Griffin,NickFickbohm,AriaaDavion,dedwarmo,
HouseOrHaus,natesteiner21,tophersterling,OJ_Heetland,carlyforrnia,AnthonyMarquez,BreaLoveKCRG,AbbyTravers,J_CAR23,medinaeli83,
breann_burghart,Juliabertucci13,MylesAndrij,schmonz,_megs17_,clarissas901,SecRich,joshuaxconlee,gabriellaa_3,BDogBrewWorks,
bondstravels,al_shym,tihoma,Agronomyjay,Madi_Shay,NateLevi,ItsKristaAB,TrahantReports,iblamerusty,MollyKristine00,
Carlie_Perry13,joyfc,natty_rn,PastorJenna,_Leenita,MattFisher515,StormerSite,ragebaking,cliffpotts,haileyzale,
miverson44,OPDVanessa,KatieDewhirst,ACEfundraising,Bob_Stannard,alonzo_morales_,SandraWal37,ChrisAlexakis31,emchy,james_araiza24,
_MohamedAbd,emoleechen,BayFlatsLodge1,Baby_Cal_Cal,Lutherdeanland,aiaa,JHawkBoySoccer,R2ngell,JuliaJon55,JHUNNG26,
BriddellColton,shelby_small,Hymie8,BriannaMarxen,BlakeSwolley,drake_josh_clay,noNAMEtoby,chellcia5,KelseybJones,bignise_,
KerrihardG_32,Elisaaaw21,gunnerjamesx,ItsSunnyAnd75,DamondBlue1,brad_sindt,RichardArians,karicardiel,ShaunSJohnson,shestHEMANN4,
bakins92,Bella9290,PindoDrammeh13,kicksclub11,cressiegoode,Monkeybum1723,jball49,Mkoran19,FiteErica,jgregg42,
caitlynwithaY23,TheSaharaSpeed,masonalex17,davcha8,CecileeJacobsen,DaphneBut37,mpjeno,jmgast75,Back2backPT,AbsoluteMurfMan,
MEDIAPSYCHIC,DNuetz,SBCOmahaDeals,MallyMal_,Justynbherman,MrMessersmith,Shopper1313,ImperialHats,shareski,mrsjdp,
JustinNorman,CellarPeanutPub,bradyodegaard,rsnyder97,mgeheren,isuletterwinner,ASHACareers,franfraschilla,smcelfish1,SmashCashRadio,
ryanschnurr53,alyshahelmrich,hotstreakhaley,KendraZuidema,macyninette,kissinstarss,Big_Baby56,itssoiree,JayciVos,erin_a_p,
happysammy,harrs_nick,kenalub,KarcherMaryM,DuaLipaParadise,xDonnaLeex13,alishabrown76,CamFrent,CourtlandOlson,RiverRaccoon,
FothCareers,4thWallEnsemble,katieepilch1,ZachHonig,rubbercitychris,mdemetFL,MaddiRude,BdollChair,AustinBates111,itsnicolee06,
DylanZeyza,DanetteLeah,LSUTrackField,CarlSmithWriter,peachesnsiIk,Gingerspiceyy,WayyyZ,_DevinKeenan,HelloJazmin_,CichColt_wx,
Danimaehutson,peej1823,it_willbe_okay_,kelseynadine2,yogagirl,bcraigrich,almoreno_,ERICSORENSEN,amerebel6999,UrbandaleIA,
Jassmineox_,shelbbscheer,drogerwall,_vulpix,Joel311Bandit,nikki_079,Emerson_Careers,sammapawluk,doctor_rpm,Des_Moines_IA,
Till_Da_Thrill,trevorxzak,Big_Tasty54,karimsyakirin,dylan_spieler24,samantha_steury,maryfcoats,NedLuberecki,alexwhitt10,CraftBeer_Jeff,
_the_original_9,jnbsch,tmj_IA_EDU,Stefanieeperezz,Jackie_Healey,mariahbachelor,jhanlin_21,emily_george4,sevelev711,SonsofVengeance,
swaggyjr24,peterkwin,AzraIsAnnoying,davisally90,nizamsamsuri,Afiq_Shahrom,RevRacin,kishyfishy528,GabbyyDrew,jilewski16,
xianrenaud,dooley_kris,KyleMiller89,kelsey_marie_28,BX_ARCHEECHILL,MyKerst,Alvarez10Hector,masonking23,volfan1983xxx,casijoymusic,
Lexiluvzu1,bradwhiffen,berg_lulu,ICHawkeye,TannnLeee,HeatherMil26,emschumacher,andieewandy,niklamaack,LowneyChayse,
bigxcool,jenna_rae13,ketaj27,TaryynElizabeth,emma_wedoff,KaileyKovas,bowl4cy,fpcrw,ericaRwatts,MattieJane_005,
montemjn,_CookedCoke,BethShafffer,Madea_Bruder,NazarKulchytsky,SteveJapinga,JennaBlowsTrees,TimTannehill,Shanny_68,rebekahamason,
sara__sid,jakewalk11,MayraDeArcos,PCAlexander1010,Yaboiking1,TyeDyeXO,MichaelzNewz,StevieDacanay,SaelerR,Josh_Gee20,
2020Jobs,3rin_Ray,PoliSigh_Prof,MnFauth,80sLive,MelSef,CHUCKY_TME,lafwh,nikibrown,MdmAnchora,
FAMOUS3,JobsatTJX,RolaAlrobei7,pkerrx,JakeLewis043,DIETZEVAN,ALBaLoUL41,carlsonsl09,lee_fontaine,DickyBirdsNest,
bluejaybanter,derzquist,M2Esq,peterholmgren,alcaraz_lucie,daviesbj,drewbulman,amallory22,n_erickson8,AndMySpace,
mcrymes23,Rambling_Cakes,jackgraham,ThaLastMOB,edfors48,Chad_Rouse155,Melissa_Niver,tmj_iar_nursing,NicholasMoreano,JasmineGar40,
Leeziebabie,Jar_Lar,beddaay,KingRichie13,d_breezer,SpiffsDad,_BooBooKxtty_,laurendietzzz,sam__9876,random_places,
Hays678,LindSAYwho14,JobsatVA,r_pritchett11,WHOhd,share2people,LaTrice_Ryan,EronHodges,AimeeJac19,kyngpepe,
csjalbany,LaTourAbbey,__Dj8,MemphisRemmenga,SK1NNYM1NNY,CR_Family,docllv,MC_hammertime__,Kelbe_Flathers,KevinMLindsay,
MitchTheFort,pfeilfiles,KohnMeg,keyshawn_trice1,tmj_ia_retail,DrivenDingo,ParkerToyne,cfly69,and_rach_,iitstaylerr,
NotPickleRick,zahraa_bazroon,Gemini_Wolf70,alexabiladeau,loesshillsflr,tribeleader808,JimBenda,elliepeterson32,mooretavian1,Lexi_Lynn_Sambo,
Liv_LEAPS,mollynoellechen,sbarkk,JohnWachal,RKruger12,daijaisamazing,jack_harrison10,msalzbrenner,TheRhondaRoss,RyleeGehlsen,
labmemberr004,nikbronder,mitchbab,Laura_Koerner,SciathKatsumi,awhh_karianne,KeciaAppleby,bluemAAs,egsleeve,kristen_rodgers,
fye_autumn,G_Uniq16,selbo,mariahdanneman,JustinHDavidson,LoveOverHate23,jennaberbles,jaclyn_scanlan,david_homey4,TylerP_10,
BrownlabMizzou,ISAsigns,NWA3D,jmuir1997,SamiSandbulte,dshelleny,Montana_Rose13,RS_Staffing01,twagner388,DappleBays,
nickcapaldo,LilliannaFranco,Skongable,Isiah_Steven,blythe_lyn,ejwalkerr,LindenB_Johnson,ToddBugs,heshnigga_,ElleaKreb,
laurenn_bedard,JasonGates1,zlind76,Larn_Young,Shelotes,Shelby_Sorensen,top_prospect__,schillingfilm,Byrnes21,LJSRileyJohnson,
JuveTroche,HappySquirrel91,isaac_mortits,teresamaly,DavidZimmer16,WWERobinson,krissymmurphy,melloh_out,jamisonjon,marshalldolch,
suzway67,melchermatt,_abigailmarieee,The937Nerd,KrysDuh16,KMac_1023,njust5,mkenobbie12,brileeper23,andrewjsan,
HayleyWag11,Nicodiamond1c8,Zoe_Carlson_,macy_meyer2,JRJUNGERS,MelSteinhart,HoJo1983,ewilks0301,Thenamesevlilev,NaomiJean74,
SlipperyGrayFox,Buffalo_Kapp,katriecejoanne,ToryJana,Cassondra_24,Mybdsmsupply,cameroncraig,BBart4Prez,ChrisGonzalesNE,Purple_Cadillac,
agent45,troyhyde44,cadwego,nancyleighh,TaylorTots13,dgdmarsh,RyanInAuburn,chriscary,AllyPants3,_raremixedchick,
lanag23,hannahgoodwin_,Tfletcher33,KonfrstForHouse,corydtweets,rogerriley,lovelindsay,JamesKSNT,laneyboo7,matthewleekasel,
SportsPhreak71,LILS8AN,NathanSchultz79,c_hollingshed,bret_28,tmj_IA_LABOR,jamiturnquist,abales,ElmoresWorld,billyhoe318,
logeyyelkin,Shananicoleee,luna_coach,2_TREYZ,n_hosein23,micheleborba,Calvinlovesart,keithtoland1,levitorres11,GregWilsonw20,
MetroWaste,ARSondag,gracekiboko_,rkfministries,RamsWomensTrack,RachhhLeee,SIERRAmist__,Home_Brifi,ARDeltaTraveler,TheAGames10,
mr_zac_d_king,highkeycassidy,DylanEnnema,DreTrilla,tictac990,AngiMiller13,ericmberlin,scumbob,OMGitsTavenLee,LeonStyles,
diskoduk1,soilsdiva,Cc10prez,Terdavenport,MBabak911,dankess6,PalombaChris1,ganthet,heyscottymac,NPVitkus,
EmmaMoomey,daniellerae27,SteveDeaceShow,DizzoBay,MrKatieCompton,xRebeccaWilx21,johnny_plastic,NickLawtonKSLA,SpartanJessica,therachelmayo,
kyliehesse,SpontaneousKat,andreamagana__,sskmote,CFgolf793,elmasabic,Kelsey_kelch,KingWalters04,rabaize,hhatcher17,
afroblonde22,izzymccartney1,garrett148963,halesbells82,tmj_iar_edu,colorworldbooks,shwooktastic,Chris1092,42Lives,NLTGzach,
Buncha_OkieDoke,kyndallmarie_,Stewar1W,briaannnnaa,Coleman_Habib,60nemo,parkerbwebb,avery_steinman,_lisaalexis,PitReporterDPTV,
tspaz,RoddBaxley,craigstephen30,kierrapoe_,Wifehaskids,cortels,nancydrew58,Blaney,Trey_Pemberton,schwancareers,
FatzmackCEO,IndyKRF,cdavidson85,TonyMiano52806,Ian_Kubbe,BonnyShadeBB,rackdup_shawti,emmaknutson14,jamiefunk_98,DizFoley,
ldygolfpro,_KingKeil,bniiico,keagaaan_,SeeDerAnd,smeach14,AshleyLarson29,SprintCarCorini,Xanderrific,thecubkuker,
UtahMichael420,Kelian_NE,urbandalewx,vstoudt,Sho_Tyme20,Chewski_T,PuroTwiins,frozenxxxlime,rose_budxoxo25,RfkThe3rd,
StrungOut,KnuckleJunction,knizzle_,justinfastert,WBTimes,Okietrucker73,MikeLiedtke,RedDirtCyclone,FausnaughDoug,mackdaddy417,
spvander,PlannedSickDays,ShyneRiver,WellsNolan,joshdilo,JusticeMalik21,StricklandShane,_MikeBishop,solangelbolger,russonick86,
Whoroween,DanCaputo,syd_1ew,PapaRandlicious,aolivares11,davidmontevil18,ForeverTitianna,humanfunction,ottoman89,FreeseKurt,
SkyMeinecke,ottbulldogvball,mmcd3182,PeralesJeremiah,LakinGoodman,Sam_NCheese,tmj_IAD_transp,ethancrewss,achaars,caityisms,
katieandersonnn,Jaaaacccc,hlt217,alyssa_kozakk,RianHelland,KaitlinGrams,MarcusC1011,NicoleStuHoff,fishingiowa88,skywalker630,
aimeberry,CatholicHawk81,tmj_iar_health,MegMcLaughlinDA,OmarMagana,mama__jo,RowdyBug,Focusin77,JugJacobs,GolfPositive,
JazzyThePrince,makmakmakayla,jordynhalls,AndersKrohn,restmanager_chi,meghanteumer15,yungpinch,All_Things_King,RachelOehlke,hannahappleseth,
hitndbls,Chan_man30,Dalton1912,LeviStraussJobs,DJR3DLINE,cblackwell130,_yofool,RevSeanSmith,Claire_Carson96,Alexaa_Jarvis,
BriBoo32,sportzfrk,sbrana150,ConnorMcGinnis_,willwbryan,SCJTRush,aleixa,snielsen88,anthonyda_7,ParkDill,
Angus_McClure,JoeClarkGolf,samueltufts,loansbrad,joeyalcala,M_T_A7,Gage_Enright,Call_It_UState,elmoraless,Trefugate7,
dbgrimes1,PoeticJustce_,MarthaJeanD,jillianbelcher,coachpeterson,kurtbaldwin,Matt_Hammill,ellliphant,oh_keppi,Emily_Soy,
KourtonBleu_,KealySimkins,ras2017,CUNAMutualGroup,_Omgthatshim,JoshdWhite_,maryperex12,NotMavs,AndreasAngelsCF,crich79,
KMPhoto1563,tmj_usa_aero,weeezy_deeezy,byrdie36,bradyernst33,wdmdanbigred,GabsAlot_11,devynthalia,KJArens2,actorcomic,
swicklinemusic,StilinIt,Tammyellen,MetrosAndRetros,catalyst622,Conrad_Swanson,Christinec_24,BryanGator15,Sethc79,222_mmg,
mcferrid,AmyYou42,tay_z17,JMac2488,SteadyJenny,WillmarStingers,mikehowardmn,mxcarmenatte,oliviatobinnn,linnibell,
VegasCyclown,Franticpixel,Chayanne_PG14,double_loveit,JanJoh10,vcteamwi,ChiefKashif,amythuesen,tessaannebaker,gretchbetch18,
reecekimm,bridget_lyons,ZachHalverson,TaliAmazing,yieldguy,WeatherGoinWILD,Connelly_Inc,blushnbashfuls,mattbuck15,TMithelman,
VierkandtL,blvdroadtrip,ThriftyYinzr,Da_L0rax,jo_davis10,AnnRohden,SummeroftheArts,Briittt20,JoelPreaux,nick_tele,
realfootball,morguelewis,judithestanton,JayHannah15,theDavidJC,sweetsp,Grass_14,BelieveViet,ISUCaitLamm,TifffVasss,
CoachMcLeod,aubreysowers,_seangruhn,IaBlMeanie,samlangdonnn,DanAndGuitar,pfwong23,NeckBeardNick,spizzzlion,pnutbutterjELLE,
tavo928,Blackscott72,stphboyd,GatesCareers,tmj_IAD_it,taylor_carrick,zelcombe,karidenise_,WorkWithSHC,aricrindfleisch,
Dino_theDyno,brittsal14,TedHiff,CallMeKLove,squartney,destinyrumm,britt10254,trgriffin1,stevethephotog,ChubbyFlyers,
tmj_usa_purch,celeste_van24,KPKkingston,jennarafe,PinkPatchPrjct,danaleabrooks,Badger_FB,trucker_derek,makayla_parks,hugo84,
B_Pat01,hoopszter22,Don_Jalbert,danielagates,charlesmurray,LisaPierce__,grass_thompson,missmoose313,tundragopher,crochetcomplsiv,
LeviBettcher,pndgoods,popkern34,CoachSy,TayleaManley,carlgobelman,perfathletix,bailann,tmj_usa_prod,kory_ford,
NateBoulton,BRANTomOfdOpera,savvymonarch,crumes,lamb_coach,DiosRestauraA1,dianarowe,tmj_IAD_ACCT,TexasLaurieD,TheJayminLove,
Duffy25Kieran,Manhattan_nites,keho9,SiiiFuu,AdamDuensing,KevinSc86173352,sando3211,MaddieJohnston5,jess_clayt0n,KyleTekautz,
tayyy_herrera,activeredsg,WUWarriorFB,Kyler_Kooi,Lara_Hetherton,RealestPooh,BlackEarthJava,rachgomez24,lexianderson6,annikalauren,
YoungShaqso,selfiebelsie,kschaef95,timboehde,pooleparty23,TerryMccarl24,minniedimples,gegzna_jenn,Veganmathbeagle,CedarFallsIA,
idkaci,KeyOfEm,sean_janko,ShaneVanDiest,OhioState_MSOC,bignasty57Nolan,8oveRAYTed8,JayDagny,PAbeergeek,emily_rj,
tayp12321,PolicyMapper,griffithxjonson,PearsonSully,OwensC15,asspleaser,KelseyCoenen,W_lawrence1,jess_0920,hartsock23,
van_van14,Driftfotos,Cassdogz,b_franks24,thedinobabe,alackofcolor623,chyjack,ClarkKent782,NickSchinkal,jhmutch49,
brandeebreon,619sports,payton_gaylord,MurraySawChuck,molly3f,jmurphpix,Mandawg_,JeezLoueez,schmell94,NetAgra,
paytonnnnwalker,SomeWhereBot,ccxjjxcc,Arnell_Kajtez14,Kicklahoma,tmj_ia_sales,KimberlyMarie22,keitahall,kalebhammes,XiaXianna,
hopecave,southwoodfive,Lule_07,cecilyliphardt,TheRealSilento,MarinaCityMatt,lillianff,knopf_lillian,BigBluebyeU,MShermanoffice,
StCloudRox,jamie_love,CptSuburbia,JamieBall5J,joshxorellana,H_Williams_6,kristen_clemon,sackboy_zono,MiaMarie131,bhouzenga,
kemsbn,MichaelKuhl,TrapHouseLeader,Key_LoLo224,DaManStanbary,jordankingTF,brittanygaura,J_Kinzler9,drrtygrrl1,Kaleb_M_Carter,
JoanLaRosa,SarahWessling,RoyceLovett,wilbillbillie,FCBayernOmaha,emily_martins12,IowaIndBlog,FeelnDanntastic,Nikkayy_24,CarolineHyduk,
staubio,sierrajohnson_,jennaebeling,THENEXTTOPTM,JoeSpivaNunes,nigelduara,TheRealDryMeg,pbabybrown,CTaylorGoHawks,d_pence17,
ihailmaps,laurencarpiox,cmaroney99,sammibrugmann,OliviaRoDasha,TanaHelmick,becausejami,tmj_IAD_adm,lmeserv,bdonelson4,
damarisstroker,bix5454,MikeFlewd,ActuallyAmOwen,VB_CoachJRod,JuniorJimenez04,JohnnyF64375841,mwhitney_atx,thiccbert,mollyparden,
seriouschick,YungCasimira,JenMarshall311,spacecitypaula,tmj_usa_writing,NYC_Rogue,SteveINSIDEJobs,DominikBarabasz,Cedar_Rapids,SullyAutumnn,
Sydney_Holland,rwschumacher,bigrudyrubio,TheHoppyDude,ArbitrariumLoL,johannagarnes,Xavier_Rosales,whoaitsleah,EnthusiAdams,emma_corbelli,
Blendrix,JarodKral,mack_oxenden,ej__2,jckjm6parker,akgrl33,megansch99,mar_mar712,tonynelsonphoto,CrystalBlunt2,
jointheiclub,istudytrees,J_Squared2017,KellyJTate,rungirlrun26,lolomusic,chrisdiaguila,Junebagio,danidelrey_,JeffAngeloRadio,
Jack_Smith96,BillGaither,Adam_Beganovic,Nikki_Parkerrr,JOEknowsPETE,allycat__99,_apaynetweets,iEsqui_,PaulEasker,codyquistad,
Jlk022,timothybblack,mpbrosko,robyn_dexter,GrandPaSpanky71,b4dhome,AndrewMilam,sdurdz,MorganP4tw,Royalty_LaShay,
KristinSaba,trin_316,Prince_Boll,grahamkins,teamcow,raqueltheasian,KayleaJepsen,LaurieBluedorn,scottguzman,TheHawkeyes,
LaurenGlogowski,womenofdrummer,_Kali_Speck_,ImDrewseph,RalstonHS,641IOWAMIGO,DrAnnMaria,AlBunde,Taylor_Wilhelm,ewallly,
michaelstanfa,JayyFillet,nsh3211,whitneymichele1,kruse03,IowaGymnastics,tvanfosson,sdwgs,kathybut,JrodCreed,
Woody_3445,T_steinfeldt,rachelanaa,benroethig,Miss_CeeMarie,seeyouinitaly,JoeKASMRadio,SherrieHansen,That_Womann,jon_rogers,
Minderschmidt,WendyCut11,rbow23,ThisisOddBall,iabeerbaron,the_landing,carrielaj6,PatGodwin,nathanroach8,ClaytonHappel05,
frehday_,jwalt96,OliviajOparks,audioking,Huskerdogg,Jeremy_Capo,ck2summers,elorenz,tarakat69,adkevans74,
nicolecollier76,deveng227,LexMendez55,revjennifer72,Jsjames2285,wrmj2,SteveODonnell1,DanEisSa,budzee98,rileylanae16,
jamesleewalsh,tmj_iad_health,CedarFallsIowa,Brock_eye,kazujerk,hobaird,adazlian,freedom_jim,cshampo,RisingHegemon,
IPLAW_EVANS,MisterBradleyM,CheyanneScholl,tizgreen,50ShadesOf_Day,MollyMaeMensen,jeremiah_chiles,mgdoscher,PR__Paul,Agent_L_,
AlmostGoth89,anthony_faron20,masseurG,chrismallicoat,joshberka,aletto88,officialzone4,liwlmendes,Racerdan,laceynicole1315,
sarahzemunik27,BHMediaJobs,fatqueerbabe,FMHSActivities,KimmieMari,mikebiggs,ultimoDANK,MDSTILLWELL,MrShuttles34,Zayntoxicateme,
JaseK2906,Aldana63,tmj_IA_banking,iowasongwriter,Justin_Lefebure,_AlyssaPhelps_,YNewsDM,TylerScott,PFWRIGHT,xblakeley,
tmj_ia_vets,SenorMarten,JesykaDereta,hstill6,lynn_auten,kingtelo_,VictorySquats,jaredsgilbert,irmazandl,CodyOcho5,
bradleyk223,LanceClones,miranda_kiota,BaileyRist,bigbigirl,KevinMobley1,maaainaaaa,bigkickgoBOOM,_kremdelakrem,pauley_71,
KtHathSpoken,diegotrejo_,AndreaGory,jessalyn11,itwilson,midlifecrashes,tmj_IA_schn,ellie_bodilyy,TheSchafft,DinkusMaximus,
xAshleySmix5,cabelgabel,Lexi_Rae43,IowaSticks,lolashlie_,brujah42,FHFcoachMAC,skmann,BigMoneyLutj,southernswag5,
tmj_IA_HR,Kyle_Matula,meagan_biddle21,Amarillo_Mae,beiting,kylemaichle52,TyrellErb,ErinSample1,abishop2032,dogonthecircuit,
markmac1023,CurtKajer,swalker06,surrenderer,brittneyhongg,tmj_IAD_schn,MikeyMontana,shebs_99,MeredithFillman,katbwhite,
mpkrul,mwesterholm,bigboyjulzz,The_Real_PMO,UncorkedISU,claysu_,IA_physician,AlexisSco36,sethviciouss,BonetKeno,
OdomJunior,d4ddym4ck,BCONNfidence,AaronHalvorson_,CintiNative,emmma__rose,lyssa_jean12,dcberry22,KatReneeS,DaToddFather,
SrTret23,zeneli_donisa,maysondhabalt,DraySolis,xo_SamaJo,NeilFaulconer,Ermanfull,vonhelberg,Kellyea27,leah_zuercher,
alshehri03,RussomKobi,AudiRenee,RockFromTheRock,IiroLunki,missjennypigue,DonFNelson,samieron97,xjknightx,gotstrength,
theNateH,hayleevaleika,scotthansen33,SchaeferAnnnie,LeslieQui55,popchips,WARSprints,tmj_NEO_schn,timfaklis,maryrose_roundy,
AprilHay58,tmj_ia_mgmt,BrookeLili,divinman,ajlahxdzxlic,IUsedToWear21,lil_amess,JessicaCol23,JenJoy,JoLacey,
stephenkelley85,Cait_Fucaloro,JonahManson,VENOMdeCBOY515,trista_benedict,JakeVanZuiden28,MeganKitzmiller,_DesMoinesIA,alexaroudabush,JoeyPiatczyc,
madeline_orr,WisemanBryson,IdealPatricia,laska_clayton,TRowOU,Gravybox,griffgriff33,CCSO228,MattySobs,kristigearhart,
RossMike15,RealRupertX,siouxjoon,shannahmarie7,JenBel17,laurclem_,CamiCruzThomas,FugateHannah,amygillsports,D1andON1Y,
mindle19,held_horse,jayfoust,djdeboe,UNDfootball,saltyabandon,sidneyArandolph,sydneylayne97,NoodlesCareers,_Carson_15,
Beatbanga33,ZanderMorales,Cory_Eliason,cynthiasassi,brian_neises,sully68,jcteaman,kalperch,CalebJKuennen,ryan_hite,
AngelaConners_,kevinszczyrbak,emilyalacina,Jacey_95,WartburgMusic,NeelyTahj,savanahpanda,_darby_3,IowakushPromo,Bell_clark00,
PeteGeorgetv,Kassidyann03,TheBurnRadio,jill_gabrielle,CaleHellinga,Morketiden,DoubleTap_Cpt,egracebock,enlaurent,matt_a_m,
bradyy86,JeffStuffingsJK,james_stribling,TheStewRat,s4ltypeter,lukerohm,NeilRudel,MeganReuther,SuckMySimba,JaimeB80,
VeronicaBal,kfiiizz,MaceoFindlay,_jurassicapark,samthecamuel,evantetreault,Maia5973,0Emery5,DesireeCamp1,Sam_Michelle612,
iwannabekait,Nunezmar1,HershAlltheWay,mayathegoddess,Deso_Bands,BrokeAssOscar,mamahoolie,Wp2177,liamaunan,Mattandemma1,
JimDaleske,tmj_IA_finance,b_faded13,DJWolter,jmcgonigal9,agirard1317,norquestlk,gwendolynnn1,xHeatherCarx34,ecsvdTW1204,
R_D_III,itsReeseWhitney,jupamejia,gdomino30,TxBornTxMade,DawneSmile,jayrdub13,scotty_d08,BowtieBari,DiegoC_19,
OhKaye_DohKaye,cyclingwestco,Darren_R10,herduin_00,JoeWaters_GVL,wthismichael,_shantalhg_,RyneDunphy,mandiemayy,coltonshew,
eriklorenzsonn,moosc,aheadcase_,RCWjaguarsBBguy,emilea_billick,e_milevinson32,laurensyildiz,AarronWeets,__xojess,alfrenchman,
Robert_Yanes,Sean23Roberts,DougShowell,brittneyboston_,Garde_A,FredPond,peacefromhalle,whfick,jimmibean,ahartgers99,
pbyrne,MotherSusie,Chris_Basinger,Setholosha_42,nikaliaaa_,andreamnunn,RandySantel,KeepIABeautiful,lindsbienemann,JosephDSpivey,
calibre50eden,dlpresidente,BrigidDuggan,CHTDirector,LJSearles,JasonAyersWWE,sergioatc18,margarethemp,JeffSoSweet,cyle_king,
briannchapman,nataliegrazfit,ashalia11,blakwade98,DrT_is_Me,ridwana_zaman,DLudwigMusic,SrMadeleine,brianjones2007,BCBrownell,
Kylepatterson1,haleyashlin,summer_grimmer,RikiRachtman,ptirish78,chaser_16,T_Luke75,MistressWanda,HaileyJRace,Terry_Jim,
LorenAOlsonMD,AmandaMariah12,rachel_sprout,WTOV_BPhillips,_carlysteele,r_perez57,hall_hall14,kaela_elise,philthegil12,PPLiveIowa,
ohaivix,strombo,GradzkiMariah,CarolynYou12,chetWbrown,Coach_Cleaver,GloriaFeldt,IM_ALLYYSSSA,BrandoThaGod,KEEYNOTE,
The_MJF,kadenkrysa,caaaarter_,BeanBaron,LefseKimchi,BfosterDEAN,ThrowItUpTo3,allyportz11,HawkeyeDave,the_boy_koi,
_say_D,jocelynmartin23,Cade4ISU,fritzie_joy,DDLSNARE,Sedontweet,chadparr22,LisaHer22,steve_thiltgen,DiCiccoMethod,
cassiifordd,Trevor_Reinhold,nbowa,SusannahDunn,Hr24612,BigWeitz,numberonemarcus,JessimaePeluso,Krizert,mattyice1323,
KatieHaverly,4Abbeyy,shudnut,DylanSheely25,Duguay17,gabbywhy,parkerryan035,Coleton_Klaus,Jeff_Saboe,KrauseForIowa,
TrekRaceShop,Dominique_Miles,OGheavyshit,maddie6575,DupuyAli,MoanaOfficiaI,LacBoiiYoungin,Mallory_Mnm,mjriv2,fragicide,
morgan_marie00,GabboWellington,AlishaMil55,heathvanegas,rileyy_mostaert,eljai2gq4u,aLtheactuaLpaL,marianichols__,Texan_Live,80Jeepcj5,
thgchoir,natedykstra,boguesdude,RuffStuff1019,AJ_Ita,jayhawknana,markstonerboner,ColinWehrle,eckert_caitlin,BlackInCannabis,
veganchingona,bwbxxx,TheRyanKain,mharbit85,NackyFur,RedBeardFLHTK,wayne_shitney,ThatsAnnabelle,taylorbilt,JodeaneBrownlee,
drewgibson16,leedlemeow,Tay_McLaughin,RobertFees,RobLowry51,oliviaschoon,nitedazer,ImJustLydia,mariahlovepenaa,olivia_suckss,
TheTattooedProf,kassidy_jensen,MariaFranke4,AshleyKuzlik,FernandoSG17,Graceeeeeey808,ShellyHageman,Hattori_Racing,taylortrostyyy,mamabeeCindy,
JESSSS_DoItt,ben_juran234,veronicaaarose,TayHouge17,ShaLayla,grantjosephh,Aud22,Skis1973,jazzy131415,leohcamelo,
94_MRD,LeighAnne_22,iluvpatty_,Sonizzle21,w_grace13,Glenn21Vanessa,Bbygirlmirandaa,kremit650,KaisersBOAT,TannerHeckt,
lizwarnerr,spiyo,LeoD_513,LilFifita,Abbey_Sigler,m_foleyy,thomfmonaco,michaelhamaker1,toypigg,mrmoguttzz,
jurlynjea_18,SylvieKate33,arouxBTN,ericjlance,bauk1234,aliiiandersonn,AshlynKeeney,Quadzillalk,LAArchuleta,Nick_Anthony22,
MarketSourceJob,livgazelle,ArcturusChusky,AllisonMaxon,lisa_m_huesman,RumbaughRoger,alyssaaj19,BayleeMcKeown1,jaclyn_lewer,tmj_iar_jobs,
olamideonajide7,DHRamiirez,ShawnBestII,JolenaLe,AyeJose,RobReevesStudio,jamesqlynch,47of74,OldBallCoach87,ohliveuhh,
toribelle5,jvanwyk4,A_WHYYYYY,GrumpyDankiw,QUANDTum_Theory,TSEPPIJR,gabeshafer,_somalley3,Marco_aguinaga5,Scott_Lahn,
brianfantana14,Matt_Murphy3,hannahochsner,magdalines_,THouseman23,SweetDee_12,Lexification03,lupeh8281,prinsesalexie,homelessnickle,
chuckcclayton,Fvmous_ey,MattMartinez08,JennaSolfisburg,dmvschmidt,Cbvke,kassidy_pavek,BSteim,BentBiker,MckaylNovak,
ChristinaTay19,a_travel_bot,korbykorby,Co2dy_Foster,patbauer86,hawksmpw,liamkeating7,schelle13,Josh_Baughman17,Coast2CoastPG,
baileylubben16,vienna_doe,me__alley,petmar0,laneh259,AlaciaMae,TeamACW,Gabesmom,countryrecruits,darksidedginger,
OwenOreskovich,knarkill,fabiannlopezz,RachelH321,emmakjoyce,IsabelleFaust,DistrictMagnus,hayybreezy,austinomaha,Jennaaayyy_,
sixfootfiveguy,PhilStorey9,HJennings_,robertstern77,GinaBlomberg,TreleeGalloway,SiLent_KiLLA_,TaylorNotSoGang,WDSchumm,mlevere1992,
BillLandis25,ana_lill,scottdix,lukeshimon,clevelanddotcom,colelivehard,jordanderson17,DR3R,laurajanesweet,Coach_Honnold,
Tyler_____Brown,wurster_chelsea,rynevandgrift,CollinMarkle_5,garin_harris,phaammyboy,thecoryjohnson,earlkabong,muddychad18,jadabroooke,
tmj_iar_acct,simply_stacey,yourhighaj,JoeyRivas23,Beebe_2,gymkata_,tylerpotatochip,MadeInSudan_,2deen2424,erik1966lutig,
noahneff,ckracer7235,Christian_Racin,soiwasalllike,RamblinHarvey,AshleyGon59,RhiChickering31,AlbertoxVazquez,TooChillJordan,pattibrown,
NikJHahn,lazertag69,Ben_Sukup,tmj_iac_cosmo,sirentechty,BrandyneO,CozziDominick,___karlie___,TheAmbitousOne,thaaagreatHalz,
ItsSamuelll,KCFusionSC,alexklausner,annakmartinezz,CyRhino,YoRicooo,jguillen379,chrooluhv,sjh43,tulishappy,
S_E_Training,PauletteNjoku,BravoBrianna,Ashl3ighG,rmproute66,QCRiverBandits,SadieMRagusa,Want_a_CASE,JacobPerry_21,evadcclark,
Myhuddle,lindsheyhey,ornryactor,paigemaurer,haley_tehe,StevenFranklinF,randireneelong,Drewy22_,Rehb31,sosymes,
phtanon,KalaniLilly,TGPxK1LL3Rx,_bigtype,kassie_25,maryahwright,Gorman_Tyler12,foundvegasband,anna_pion,McKennaAvers,
Phil_Pshep,TiffanyWhittom,buzzwuzz1,SamHarrisonSE,NPNowZenner,youngwildangel3,KayeNorenberg,victoriabanks,CandidContrast,skiniowa,
davis5311,Successful1Quan,tommylang1630,Phillips_Cami,td_2017,VVolfQueen2,wyseapple,Cadurcian_My,RyanDeKeyser,P2HUNNIT,
FOX42KPTM,The_Chinkle,mr_ewis1982,DISHpx,JanissAndrade,carly_nofer,pursuingghosts,priuscoven,haybaypointo,tbird168,
tmj_IAD_NURSING,kamala7603,jessica__alonzo,Livelifeonmarz,oslOslo,theoutofthedust,MyIndyMcDonalds,Music_By_Jeremy,notmeghz,kittykate_101,
MarianneNes38,MagzLizz,MorganIngamells,GUjackets,jacquelynann10,anthonyflakus,curt_oren,rhumbabear,Americatacular,Tyraabell,
ChadTroutwine,dbiz20,emmamdavenport,UlwellingRacing,stavross29,bakersdozen518,ManuelScott,Kkaylakaylaa,paige_gibeault,EstevesGio,
UNMLoboFB,moeerickson13,diensbaby,JohnTiegen,camerongj,Katatonic28,MattPinkerton,rotbloom,tessa_mcdonald1,Z_Heintz43,
MrNeil612,maduhliine,SporeHallie,TaukeMolly,jmac5220,mashpataitum,crazydavecarper,pennybisignano,gabrieldouglas,lautiebahr1975,
AnnaMichelleFox,donneyjackson,AaronScanlan,corndog293,baileysue_,BIGJinLA,lilyachty,proud_carman,NaN_DoHH,Gisch,
jackydeezsteez,rickyhowell5,RealGregKahler,kordellc14,KatieCallahanCo,ExhibitAssociat,MoniiiiiB,hondaprojason,dustysaxton,paigemadden27,
Bailey___Ann,LilIguanaSafety,livyourliife,BenBails,xMelissaThox13,Oliver_Housman,Mrs_KTJ,sarahzpike,BrookeMillerIA,NateLovesFood,
KToTheLToW_Wah,DasWright12,JKincart,_itstiaraaaa,JenOrton2,Corey_Steinert,Monkey_Bunny,Brown1251Zach,stolenbikesus,TheLandofAWS,
Simpanic,trashandahalf,brendacalc,Risbooklover,ShawnRayBear,detroitmarc,ridenour_dana,Ben_Booshan,Bellawolfslayer,RealMattKnudsen,
SpoiledRotten_3,WendiPeterson3,archaeomather,DerekEHoover,ladykingsims,rcooper2054,cordanjollins,OfficeTeamJobs,thekingbart_,Itsashton69,
Samfuller7s,chelslinnn,Keoni__Texeira,armywife0766,strawbebbiee,subsailor688,Gibelgob,katiieesmithhh,funkmasterMel,vkuznetsova13,
msg_shades,makodaddyo,kayleminear15,NCElDub,Based_Nemo,mghittinsticks,mommage8386,KatieGotBandz2,anthony_xavier_,monicapolkow,
Emilymstoneking,briannaostronic,_daniae,AndreaMil15,Jacobi789,_nicholewilson,DelaneySpinks,AudraBlevins24,nneff22,joyfullifechrch,
Pchefy,dyatesjr1973,whittykittykaye,etBrownie,Ceee_Dubb,kreeger,PastaParker,RayClarke_,DarinWilliams,DBeadle20,
enbsherwood,PeaceTreeTap,VictoriaRose708,xxxjacksonn,hinterlandiowa,Rocketm68917486,CarlaRenea,iamjohndouglas,KathrynBurd,ChantelMcCabeGC,
RobertUhler1,CompassJobBoard,FirehouseMike,RenalG1,Reese_Rose2018,SmoothBread,AG_HighFly5,AMiller_Lite69,itsthebrownboy,RunAdrianMyers,
MsMissTee1,tmj_IN_EDU,KWhiteOWH,samantha_lainee,ChrisPantaleo,JairH6,ixta_jess,Cylister,BradNeums,DriverJaycie,
proudcaucasian,wobertwayne,AndraiaB,MRLANGE,ACHospiceJobs,gatortakes,marthabruckner,bdpcollective,bailie_bodlak,RyliWaisanen,
SisterBelinda,CoachWenstrand,Jack1eblue,Original_LYRICS,Famoussmani,LCCK9Asher,marissa_kletkee,J_Mau2,spikevegeta,emily_allisonn,
laurabergren,JCABEREA17,VanessaWesten96,QuentinJMariano,malncheese,ThiagoKapps,TAusick454,werecommin,lexijo1,Semcii,
princessC4T,CheyenneHebner,xaviahandrews22,nataliegerman5,wyanthelena6,SethNelson15,drdairy50,samkayee,Jbenjamin81,kenziek1261,
heigelefarms,SBrew22,MikeDonerRE,cecelsu,Baugh18,cdooles,ecope301,PriscillaRem34,MadisonMetheny,NiaKarmann,
acronymlister,thekark20,d_batt8,TheyCallMeBlazn,rossexoadams,AustinLeeFerch,elliebillerbeck,Troyer_21,dessica_jague,golongentertain,
jeffreegee,EO7,meredithturner_,Geeked4Weeks,MarcFreccero,educationhall,Steve_Campbell,vferrari86,jade_whitmarsh,thegreatkhalid,
FurDieJungen20,H_Grove,iDrankSEAGRAMS,devvybomb,JaimeStarkey4,Justbein_Mike,ygserenax,joshMshep,LynnWiberg,mikey_horton12,
notkarensanchez,twbell96,gaberobertson1,Perky_20,_paiiiiggee_,TFizzle18,TheAdventureMom,Fantwc,lotsadottie,KylieKeith2020,
vjjbuck,bobtiede,MandaElwell,DContrerasart,_saragrace13,ThanxaBunch,ashleyyamberg,Mpamperinn,MelissaLay20,madison_rohach,
omar_g77,thekristinkey,lilkyyy,loulix,elcarbajal1024,laurrenreynolds,TWSaint,map408psu,GabySjogren,SmpossibleTv,
MegBethBrown,samimarie__,BryliJoLynn,EASTSIDE123456,GLOWPUNK,brennabode13,aubriiiiiixo,Yowhatupaustin,JosephCMyers,ScottTinman,
mollykovas,DaniGabel1,martineeezx,je_free_m,AutoVisionzEmbl,Jennabanenna22,mygirlallyy,catbacker77,jade_24_kennedy,wescaouette,
emmy_magers,TimLentz,cluongdsm,tedherman,anewcreation97,kenzienuff,paulmcmahan,LittlestDirks,JoanerBoaner,ChillyChill24,
Schmityy19,Blake_Jorgensen,agolod13,DeringersCF,coachkatiepate,all_star_ath123,DJRyanJones,OliviaTrue12,kipl33,abbyyyanne,
DaytonFrtJobs,hhouska10,_dsrc,AbbieFitzgerald,Ob33Obrien,DanaisaMarie1,ChinhDoan,charlotte_rd7,oskychallenges,rriley_mccoyy,
I_aint_3v3n_MAD,LeighBrown,rdmcgrat,abbipress,KSUXTonyM,chasemrussell,HannHott,JMarcBurgess,Umm__jay,nature_careers,
QUEENLOSA,NickGoblirsch,johncblandii,TurnageJohn,mujerdelsol,MINIacKat,tabjuh,_Trechelle,WayneCahalan,McnairJamal,
sheryllozicki,mamarcus17,nurserehabjobs,mlee11082,KellyMarie_516,brdwn34,TCtheTerrible,joseph_dobson,british_tony,T_Stoopendous,
MulderDSM,ProducerCody,jayjefferson_4,jlenger19,hedrick_sarah,MelanieBau54,Kami_Maloley,LFRacingTeam,baily_oneal,ElgieSims,
kreeintempe,ifly2ifly,SHRMLobbystLisa,ChandlerRowley,johnnyklaes,crisman_taylor,ctimbrown,jasintodd,damane_event,AintULilButta,
jshersher,amreed2,princessjordyn4,andyway22,IJusufovic,rachel_cotter,OrderlySinn,TannGauthier,kylervk,Lindsey_Rayy,
wshallockjr,bailey_sto1,MLeigh4ISU,TIM_MAYsports,lillisb51,cirwin8812,be_Serene1,ggiantii,Bgomez_1,griswoldkmtv,
milwaukeephoto,ShaynnaSheppard,ratonmorales14,marialygayala,MNTwolvesfan,IsaacLUTS,weyandj2,timmaytude,annaleemedia,Swenyando,
gulick_jarod,jjtbone,Arch_hustle,MariDewYoga,d_wubbz,ker_pow,tyler_pounds,Kaalleess,FrittsBrady,crossland68,
cjmarley,AllyVitko,DearStephanie2,JimWichman,stevesilberman,EmilyFontana2,CornfedFriar,KaireeBishop,Sarais_thoughts,JohnBogusDeVall,
audramarie__,liz_gamezzz,NotoriousJWK,youmyshawTyy,liv_pattison,tfwilloughby,tamyahnecole,SLS_Promotions,LizzyNice16,XQAmerica,
KidsRoomDGPL,RyanPreece_,TaylorRiegler,Carriefilm,peterjwacks,RaymondSiddell,opusauditions,gracecannell,yoFILL,Bwalks15,
AlykWilliams,quincybulin,libertycommand,ClaireLombardo,sabachugs,stuartselbst,jrodgap,austinarchey_LS,tmj_iar_cler,kbpcougar16,
bingaman_jeff,_laurenschorr_,abigailleigh606,HawkeyeTravis,ssmasshh,market_124,HeyItsZoieeHere,tcull9,BlakeCollyer,courtney_ann073,
bikinibookie,DaveDawson_,chris22swan,JoshuaPowellGTR,JasonDanner71,IACraftBeerTent,TotalTrafficDSM,thequikdraw,addictxhes,jackschlabach,
Michaelfleck7,BaseballFreak_9,chlomaha,gingiecp5,_Door__Matt_,jeremyart,Are_Davis1616,thiseddieortiz,LouiseM1ere,garbagecoven,
hersheys_honey,CJMeyers1972,jmostrow,evcvstillo,Kevidently,danxoneil,therollinwriter,khaotickane,leanwagn,nikolekalar,
nottjmiller,BSchulting,AndersHaukoos,ohnokitty,LoganEleven,Mbrew87,Ree914,SherylMaizeGolf,Baylee79,hayley_ribs,
oldbuttwizard,makshack,hotovy,craig_abbie,cbollig,bradfitz,grantmead,Snickeeman,morgisthemahon,lexidunlopp,
iamcoreyjohnson,MrWartburg,HardyWallbanger,RHFAJobs,NathanHunold,XMasterrrr,MarcJBeGoingIn,MonicaHabla,NataliaSuttle,7secondcoach,
AaronSchaben,Dansting,josie_pulido,_nikkijo_haley,havrhll,TyvonRashaud,KZKX969,walsh_logan,nat_larimer,BethanyDuCharme,
TheMikeEllis,matt_culverr,jackroberts531,jlund04,nowiknowmyabcs,ccrumes93,pefiom,Jschnur32,Lucyyyy_Im_Home,HippieHooper,
MrRADRC,MollyParkerSI,CoachJMarshall,medicalmaryjane,TrishaCor23,TheMeskwakiDizz,CecilBaldwinIII,Sea_Calls,AlyxSacksKCCI,okezzile,
SarrahCarnahan,LovesJobs,kylieealwood,Noah__Marvin,Hla17Louie,Jazzylady52Mary,schuttegirl69,CoryWithIowa,TransitFeeds,alyseagibson,
jchicken84,AliciaTur39,ChloeSpring,XpushmongoX,dietcig,Selma_Berzati,katelynonthank,Itsaflamer,SJBwrestling,LadyDeath103100,
jimayello,itsjustgraceee,tbstansberry,MyHopsHabit,inventben4L,TianaJayee,D_Aldridge79,MORGAASMM,dearloren,jenatay,
gomer21xx,lovely_dilEMMA,soccerpaep,MorganKotlar,nickhoyt24,bigchief304,Mixed_Goddest,AliHenkle,SethHerrold,AJGAMedia,
kanesnextmove,mariavandee,Cpark_20,thelegendofoven,hollykmichels,FashionToFive,dmdiller4,Remijon,BovSauce,Mel_thegrouch,
kateheston4,Moltyndecadence,two_cansam,toddcarey,lilahhh1219,laurenbisgard,SoccerSTL,thatssojeleeb,_JessicaMariexo,haileyhuml,
sbondd,JackMitchellLNK,Staceface82,Williams1Theron,PJNavarro71,RobinsoNick2013,getJENNArated,Lealahh,GypsyMama986,kristin_hurd,
tmj_usa_nonprft,btaskew,StacieGri35,bwiele87,ShannenMcClain,tay_bae5,cammi_monster,kendaallwiise,jna4kamikaze,eshaknowsmma_,
MarieMyungOkLee,raidersfan9918,Frankolicous,AllWMJobs,JusticeBurrell,RHLegalJobs,Sebastianistall,ACarrillo32,Irisheyes1572,STAPP_HamahTime,
rdunham98,brittlewisnews,CorganMervantes,whitelawkr,SennitSauvage,gabethebabe2k17,jackkonopski,alli_martinez3,mccrorykorin,morganhart22,
TheDefinition87,222WARLORD,philiosaurushoo,DatGirl_maureen,PWylie,luthergrads1993,amylwarren,badassbenzino_,minhaj_shahid,sp00kyteen_,
stephbreitbach,TonyTonsorial,MarinaCityEric,reaim_us,GabbyWood15,MattNorthington,KaitlynJo7,JoinRoadrunner,HaileiGregg,DeSotoPhyllis,
kmathisen,Iowagal46,Graydancer,mhartman9,teacherthird,lauren_bushh,Chi_Polo7,sethreineke,lj_omadhaun,JustinRomero32,
paulringon,GabbyMahone,PatrikTanner,FedMogulCareers,unforgretable_,bsneville,PCMustangSports,jesshartshorn,oksoph,megan_hahn11,
BrennaBomgaars,KoltoKolton,Bradypannhoff,heyoitsmeb,2020KeepItAlive,BGoyke,Cajunfireman,azsungoddess1,ItsCadeQuick,Haatajajunk,
alionnnn,FiredStatWald,kem_kem30,gabrielteheyda,Kendall_candle,ShadyStephy,EmceeTV,LT_mentality,bossleelee_,UGOHALEY,
Galloway6161,AlexisWise237,regionsjobs,ATHiker7209,tbonesbaseball,frankie_perrin,Gordon_Jillian,Steelerpent,anabholz22,krashcourse1,
AintYouSebit,SofieBethan,kali_keil7,BW4MN,Nick_Swift13,GregJKrieg,allamakeeiaboy1,TBlack_Design,erika_fdzg,Dlt268rt,
finnmccarville,Carsyn_Michelle,smbush44,LaurenDorethy,DanAndShay,HoppelMark,ThxFulDurt,linda_ivory,brookeartz_,carlie_knoll,
_ErikaJMullen,lauren__anders,jergens_zac,BWTrey5,AndyMc21,jimdudlicek,mayada_alwan,ProfessorGeorgy,TimMcKayUM,elscorcho86,
SofHCellars,onlikenickjohn,xShannonBanx8,tinyonkfdi,ericanc24,kingkev76,McaninchNatalie,hope_m14,NiallerFL,leahack,
AliyahJaxon,kcgafkjen,patchy_0,R_Wiggly,NorthOfGrandAve,CoryRitter,sedonaraee,Avery_mcdonnell,mountaintop58,jjacobsen54,
Czarshaw,SeXXXieStaci,RappUp,jakenelson76,madisonfrost,cyclonecyco,CeSeaseablue,taymb7,shelbflam,jaydub_DA,
who8sid,USofTay,chrbanes,danidenniss,xautumngregoryx,_garyw_,Grace_Metts,qUeEnBs,EtchedOrSketchy,swagdaddylo,
tmj_ia_usa_jobs,mikedoylempls,NDCommodities,belmabajramovic,kimferris300,ryanncheekk,barryb4384,4starcashier,tmj_usa_energy,BIGJAY_30,
AlfreadaHoo8,daaniellegrasso,sweeney_megan,JustMar_Mar,meaganearthur,michellerashidi,ZeonWilliamson,MattieLouC,DianeCline13,GrantalopeX,
LindsleyAllen,SusanSmi48,blugrass_junkie,kalvin_peterson,mykalamcgraw,gleaves14,reumxna,ClarkAmie,CakexTPC,TheMontresor,
nolanebel14,courters21,mattbarbara,carpoolworld,michaelpalascak,jujuclayton4518,Stay_sha8,syntax72,joeSxF,RSFable,
_Essenceoftay,homesteadraised,mjheitk,MattSamolis20,BrandonVayvanh,jdykstra34,Jeremy_Typo,Jsica80,berendesmedia,jeremycrusher,
lyricsborn,KyleaDriver,Extreme_K,CrystalKuehl,lizziekaczmarek,Lauren14440755,ZingySquirrel,okiegrl1967,brittanycwatson,ThaCatLady,
iamkengoldstein,sullymygoodname,MuscatineXC,xxashlynnnn,kfabnews,J_Kidd11,JGatt33,teresapetersen,tkjr007,RRDJobs,
SamDMarkham,lburke607,LisaRoc14,lilagarciax,ruralmidiowa,callie_stein,jemurphy530,MedcorJobs,Claiborne_David,call_ramona,
SyLeigh_,Shaybrock12,kylejarcher,ToddBrommelkamp,taylorrrrr3,SjClark10,emmysuzanne_,GrandmasBoi,SpeaksBball,OpenDoerrPolicy,
Joshuahart0320,NickGalaura,SteveGWSB,valdeezduts,taperdude,chupemydog,cjdrucquer,ruthlessbunny,branhamm,lmhuntimer,
Tgarland,ConnorStLouis1,mosyjooo,kali_lucas,aleeseB,Dlmorgan55,xmyleeshax,ZeiglerJaguar,rollinsw0llen,livinsassy,
SavageM1989,JacksonAsiah,KathrynBauerly,ErinMeredith7,KelsBaller12,kayla_ehrecke,KodiDailey,edwardhahn25,gretchenemay,hansthecat,
MuskmitchWx,mrsjamiekelly,WYcain,AnwarRichardson,LizzChappy13,_damiiiiir,kiersten_carl,ryleecookerly7,salukiconvert,itxshae,
FilthySwan,Queen_Bitchhhhh,LifeofLauren2,Brynn_Music,LisaNeher,Huscoon,SteveAnkeny,sashamiso,FanOfDuranDuran,JoelMxtip,
syddcam,thefirstbroseph,DerekSalas,HockeyDad1493,KingvegasSTL,michelleochoaaa,JoeBWanKenobi,TeresaMeyer2016,georgeconelly94,SiberianSoap,
legendarygap,Leviathlint,Sugar_Shane01,tmj_iac_jobs,Ravey_j,jjbirden,RealNorwegianTy,Laurynhoff9,MariahPrunchak,_lynrich,
minimehannah,1called_Manders,annmariemorgann,Noahluther524,ambersext0n,tierneemarie,tamolllie,yreiB_verT,aiimeeelynn,grise_ian16,
javillanueva67,TParks1986,jason_everett,ashleycoverly,HunterPat3,ashleypeters44,LicenseToGill,PatriciaBrooks,parasu2181,rjoinez,
DenaKhalafallah,AndreaWiggins,bxmbict,SweetSvana,skullcrshr,Ben_Forhan,Bobster309,McDonaldJohnE,rhinodaddy,ashuck33,
TheRealMcCoyyy,CharleyinKC,SayWeCanMeme,BriguyATS,hawkchick11,JGB_Burken,hellbenthagen,Sophia_McPhe,Jayymmeerrrs,steveneatmon,
SabrinaJoyyyy,kenz_Jean,c__rod_,FiyaaEnElPulmon,eldon_warner,Taiyler_S_23,thereubins,beINMOTOR,CaylaFulcher,SchnitzlerJenna,
OGMeatBoy,jws_23,DallasMocha,rceeezy,CityoftheWeak,jaylobster,ByrdsDahWord,MaxxSIO,TrentHidlay3,Tayylorr53,
bleedpurpleguy,dorothy_cook,itsannaannaanna,woodythebigdeal,heidibargmann,Oggy_trey5,FrellenC,TarrynWoelber,RichWkru,the_morgs7,
emmaclaire34,EllyHasOpinions,KassySkoretz,meganherrity,BMcGee74,willowtorres23,h3dstr0m,yramb2000,DrQuinnTweets,illinichristoph,
LauraMun31,_StephenNeal,jmpentinc,Chrissy5_,msubearsforlife,Byl_not_bile,TrevonHolmes3,destineew2014,Notadadyet,dannykrasich,
BriMcGru,MJMcElwee,gonzalez_casa,Im_A_Witness,fett_stacy,CalebDobosh,Carmatron32,joebappe9,G0DJESTER,aferrara3,
travis_skc22,_RaunchyRat_,hayley_jadeeee,colbyhunt,jking_16,kevinszamlewski,TaylorThoen15,Stevefergs,emtreas,go_nib,
udbasketball,tdobshinsky,Zacharyytayylor,NorthTartan,mac_verstandig,WashFBCoach,CarrollNate21,Pastorwilli2,hugh_oler,_TreyVille,
JordanETID,KostaSots,FlowtlyJ,kayleigh1179,jacquegutwein,ChrisClaytonDTN,danielflucke,gsxr869,TimFoustMusic,TheRagingCelt,
Mllesuzanne10,mrdahl87,KWQCEmma,mgruel526,mbru0524,Libby_Garnet,bigmommawhalez,saralara210,abbykobliska,DaylaMiller,
theHenning3,fckuayis,SamLozada,JManjic,KarlAlmaria,GarryDevine,JR_Kenn,ketsueki_raven,danidonovan,MagicCyclops,
_victorialazar,comedyofchicago,samantha_kukuk2,BerryCampbell7,Kameo_12,braedyn_downs,jho9067,ericjames429,invisiblemotor,dawnmcmullan,
klarissaneff52,katosportsgirl,SherKelly2442,_BandoRico,carlaasux,PaneraCareers,kj52,madisonosborn33,MattGladney,rachel_wilch,
Dr_Bob_Kauffman,_JHunt10,brianarg54,alyssloth,MjWashte,cnelsonn24,rbstew29,sam10athey,PaulaStormberg,Sir_Polo1994,
linsqy,KoolClipz,Aarayah87,NAZ_Elite,tadasunshine,_WestDesMoines,FieldTurf,Simple_George5,Advil,RamonaFalcon,
LikeBlake32,NRCS_PIA,CollinsSydnie,Daceco90,PINKETT10,snoocone36,KristiPoquette,dawsonink,TamaraDia14,alexanderhall,
amd4clover,DavePulver,Rob_Himself,LarchMK,uhlenhoppmorgan,MnMonster11,gay_seagull,mojomitchell,Riceness30,Piker73,
Son_of_a_Mother,resetbrian,bjw288,mrsott3,Rach_Atkinson4,FletchDog2016,emh_15,Dein95,dmkubon,LittleGuyChase,
Nah_ImGoodThnx,GenelliStudio,TheLowrider13,dream_salad,ASephiroth,hmhamzahussein,dsell85,havenpaperie,joshuabickel,PaigeRoll1,
Ak_Mueller,sassysperry,dk_149,haliegruenwald,Duncombepat,Tarabaronee,Morningfiasco,rico_gonzalez3,savanahraelyn3,HayitsMaggieMay,
Notorious_DUBB,mrkhyaauu,baileycrigger,jazmenmonique1,midwaytailgater,guo_krystal,crybabyxshark,e_schneidaaa,YourDarlingSky,SarahVas40,
profoundphoto,mshedeck,buckycarpenter,kzannarbor,WoolyToots,ToddGongwer,Chloe77,AceySlade1,neeratanden,wennajinkler,
marlmend_,BeetsNathan,anujapharasi,JalenLonggggggg,drberzerko,asapturd,MadMuscleGarage,KingKollie_,TheOnlyJackOC,MSchuttloffel,
_serenea,cedantarmatog1,haileyfrutiger_,JoeStGeorge,Tygr_Allure,DuffieldAnthony,3moon_light,B_Eazzyyy,Alexsim01945347,MEghanLatare,
SamVazza,LynneLundberg,Freyja_Stark,deelucks,ArsenalDetails,linz412,Kenn_Anderson,iandonovan,_melipalacios,hughslaton,
CarolHo82321008,ciatto_hannah,DanteCingire,supyunghoe,vickshaw72,DeWilfondMaddie,AlphaToOmegaWTS,sofiaarenteriaa,j_mcgonegal21,kivlind,
shutuppsam,ZachHolli,MommyJenna,bleusstockings,theanswer693,ganderson781,SavageMulatto,Mix1049Sports,mackenzie_kane2,erikfox2000,
LaFleurrRebelle,polypagan,Sativa0620,Kruse_Missile,MrHector_Franco,phbcmusings,kendakist,_pray4_me,mo_thompson23,BREEZY2x_,
Zainabdahan,mitchellmegan02,juliemeredith,RealJohnOliver,RedLobsterFIEND,MRSNORDO,LaurenMueller21,_Mattholomew,SimpleLifeFarms,dirty30m,
TCrago,April_Rae_86,seanviguefit,blains17,Pacificorock,KHQANico,evfranco_,hrudy19,xjakeherbertx,realtimeRowdy,
TinaHow15,PetersenAllyson,lauren_fritz34,d2mart,QuaintMelissaK,BoyBasedRamion,SimpleThings92,Katie_Spoon_er,audsnyder4,Matthew_Myers91,
ChristineFox22,380Shooting,HaninJabri,tgrevispro,TinyTaj_,BourbonTheatre,badhoy,Erika_Simmmons,NGS_QC,GymRat_Brew5,
DavidHemenway1,thejakespencer,JaiSki_Monaaay,Irvingcomedy,HuismanKailyn,cengizgenghiz,Taylor_LeBeau,Hprail,cpamzhang,thereshegoeees,
NoraWD,SwheelerScott,Hom3Slice,JaimeCarnaval,JulieHor46,Zomer24,P_Rob5,5Rings14,unclefuzz,Emmyypaul,
campkathy,anderson_bails,ISUpunk31,2448larry,1WRcoach,ahhyeah247,WHBMCareers,sorryimgina,abbyconner_,Dougskettlekorn,
Joshthinman61,melz425,____generic____,HobbitFromPA,gabbybeuckens,MrsHayes814,deadzeppellin,ecreetz,Jordyn1619,TobyOBrien1,
THEStuMiller,thkast,AdamBurnison,NickESPN590,HarasArotrot,NSaenz34,zachwaskowiak,tyraamariee,MrBillySpicer,mehtastic,
K_Clay13,paulscottmusic,BrittneePrice,Stephen_Speaks,oliverspitts,thatswimguy44,quinnelizabeth,lomillwood,lukemakris,alhuffy,
KayleighNicole3,SherryMarek,tayakearnes,Kindred_Jobs,coty_west,CoachTosaya,emilytrufflez,B__Richardson,Mortie_15,tbaum_,
PillarTech,ShopMidnightJo,AlexxSaurousRex,skybirdhouse,FoxyOpal,M_therealSTORV,danehemi,Addicted2Diesel,bismarcklarks,SportsExtraInc,
ByChrisCoates,ddub3321,Jcoon32,ArielleScarcell,Hazy_Maze,CVegte24,brbkillenyahoo,CaseyFrancis,Jessy47maverick,SubTweetDz_Nuts,
LiveLikeDenDen,872Laborers,bkswan,addisonpalmer_,radrc,hnigro55,BrewdHQ,DomSmith44,abuboltz,spowpow20,
stormchaseria,TannerOH,ReeceIA,spencershih,FantasticFuller,MadelineSue_22,AggiesRevenge,RyanKolder,ImJohnOHurley,The_Bigelow,
VloBeFree,richardtweese,KingOfTheFae,strattonx4,Maddieeemartin,jefflynnFTP,Sarahbeth_7,tmj_IAD_LABOR,SHESCREAMINDJ,DozaChris,
hannadanyal,SkipBrooks9,JCSD_Showzam,reaganclark03,xAngelaMccx20,Cedeezzz,khalidsaudi,MBandur,Juliiiie_18,StephKocer,
pizzacat_22,nbijeau,AYEYO40,tmj_usa_cler,ChristyGol30,ZacharyJBoender,ajclay95,theDodom13,DevonConkling,Nate_Jayy,
yoderbrooke2,BDStan,alexjpatch,acallow_,Palar8Cutler,SydneyRusso18,tmj_IAD_LEGAL,Knucklez19,laurenkaysims,presleyntaylor,
_BettyHumpter_,LimitedCards,JacquelineYou39,carlifoxx69,annafabiano,dzavala417,eliza_faith_,thrillcat,bibianacurry8,